GT (chung) - Updated 05_06,Dịch,Kết quả Query,GT Query,Đánh giá,,
2026年5月1日の梅田様・スリーラスター様に関する電話で、どのような内容が確認されましたか？,Những thông tin nào đã được xác nhận trong cuộc điện thoại liên quan đến ông Umeda và ThreeLuster vào ngày 1 tháng 5 năm 2026?,"SKIP (operator=skip, target=none)","SKIP (operator=skip, target=none)",Đúng✅,,
2026年5月1日の電話では、サイズ書の有無について最終的にどのような結論になりましたか？,Kết luận cuối cùng đạt được về việc có hay không có thông số kỹ thuật kích thước trong cuộc gọi điện thoại ngày 1 tháng 5 năm 2026 là gì?,"SKIP (operator=skip, target=none)","SKIP (operator=skip, target=none)",Đúng✅,,
2026年5月1日の電話で、SPEAKER 2はスリーラスター様について何を確認しようとしていましたか？,"Trong cuộc gọi điện thoại ngày 1 tháng 5 năm 2026, người nói số 2 đang cố gắng xác nhận điều gì về ThreeLuster?","SKIP (operator=skip, target=none)","SKIP (operator=skip, target=none)",Đúng✅,,
2026年5月1日の電話で、相手の説明に対する異議や否定的な反応はありましたか？誰が発言しましたか？,"Trong cuộc điện thoại ngày 1 tháng 5 năm 2026, có bất kỳ sự phản đối hay phản ứng tiêu cực nào đối với lời giải thích của bên kia không? Ai đã đưa ra những nhận xét đó?","SKIP (operator=skip, target=none)","SKIP (operator=skip, target=none)",Đúng✅,,
2026年5月1日の電話で、資料の未着や確認漏れに関する懸念はありましたか？,"Trong cuộc gọi điện thoại ngày 1 tháng 5 năm 2026, có bất kỳ lo ngại nào liên quan đến các tài liệu chưa được giao hoặc bị bỏ sót không?","SKIP (operator=skip, target=none)","SKIP (operator=skip, target=none)",Đúng✅,,
2026年5月1日の電話で、SPEAKER 2が説明した現在の状況や進捗を要約してください。,Hãy tóm tắt tình hình hiện tại và tiến độ như đã được NGƯỜI NÓI 2 trình bày trong cuộc gọi điện thoại ngày 1 tháng 5 năm 2026.,"SKIP (operator=skip, target=none)","SKIP (operator=skip, target=none)",Đúng✅,,
2026年5月1日の電話の結果、追加で確認が必要な事項はありましたか？,"Sau cuộc điện thoại ngày 1 tháng 5 năm 2026, liệu còn vấn đề nào cần xác nhận thêm không?","SKIP (operator=skip, target=none)","SKIP (operator=skip, target=none)",Đúng✅,,
2026年5月1日の電話で、明確な回答が得られなかった質問はありましたか？,"Trong cuộc gọi điện thoại ngày 1 tháng 5 năm 2026, có câu hỏi nào mà bạn chưa nhận được câu trả lời rõ ràng không?","SKIP (operator=skip, target=none)","SKIP (operator=skip, target=none)",Đúng✅,,
2026年5月1日の電話で、SPEAKER 1が説明した内容を要約してください。,Hãy tóm tắt lại những gì NGƯỜI NÓI 1 đã trình bày trong cuộc gọi điện thoại ngày 1 tháng 5 năm 2026.,"SKIP (operator=skip, target=none)","SKIP (operator=skip, target=none)",Đúng✅,,
2026年5月1日の電話で、スリーラスター様に関するSPEAKER 1とSPEAKER 2のやり取りを時系列でまとめてください。,Hãy tóm tắt theo trình tự thời gian cuộc trao đổi giữa NGƯỜI NÓI 1 và NGƯỜI NÓI 2 về ThreeLuster trong cuộc gọi điện thoại ngày 1 tháng 5 năm 2026.,"SKIP (operator=skip, target=none)","SKIP (operator=skip, target=none)",Đúng✅,,
2026年5月1日の電話で、「スリーラスター様は購入なのでサイズ書なしです」と説明したのは誰ですか？,"Ai là người đã giải thích qua điện thoại vào ngày 1 tháng 5 năm 2026 rằng ""Vì ThreeLuster đã mua sản phẩm này nên không có thông tin về kích thước""?","SKIP (operator=skip, target=none)","SKIP (operator=skip, target=none)",Đúng✅,,
2026年5月1日の電話には誰が参加していましたか？名前と人数を教えてください。,Ai đã tham gia cuộc gọi điện thoại vào ngày 1 tháng 5 năm 2026? Vui lòng cho chúng tôi biết tên và số lượng người tham gia.,"SKIP (operator=skip, target=none)","SKIP (operator=skip, target=none)",Đúng✅,,
2026年5月1日の梅田様・スリーラスター様に関する電話を要約してください。,Vui lòng tóm tắt cuộc điện thoại liên quan đến ông Umeda và ThreeLuster vào ngày 1 tháng 5 năm 2026.,"SKIP (operator=skip, target=none)","SKIP (operator=skip, target=none)",Đúng✅,,
2026年5月1日の電話の開始から30秒間の内容を要約してください。,Hãy tóm tắt nội dung 30 giây đầu tiên của cuộc gọi điện thoại ngày 1 tháng 5 năm 2026.,"SKIP (operator=skip, target=none)","SKIP (operator=skip, target=none)",Đúng✅,,
2026年5月1日の電話で行われた確認対応についてまとめてください。,Vui lòng tóm tắt quy trình xác nhận đã diễn ra qua điện thoại vào ngày 1 tháng 5 năm 2026.,"SKIP (operator=skip, target=none)","SKIP (operator=skip, target=none)",Đúng✅,,
2026年5月1日の電話で話されたトピックを一覧で教えてください。,Vui lòng cung cấp danh sách các chủ đề đã thảo luận trong cuộc gọi điện thoại vào ngày 1 tháng 5 năm 2026.,"SKIP (operator=skip, target=none)","SKIP (operator=skip, target=none)",Đúng✅,,
2026年5月1日の電話で最終的に確認できた内容を要約してください。,Vui lòng tóm tắt những thông tin đã được xác nhận cuối cùng trong cuộc điện thoại ngày 1 tháng 5 năm 2026.,"SKIP (operator=skip, target=none)","SKIP (operator=skip, target=none)",Đúng✅,,
2026年5月1日の電話で、梅田様については何回言及されましたか？,"Trong cuộc gọi điện thoại ngày 1 tháng 5 năm 2026, bà Umeda được nhắc đến bao nhiêu lần?",SELECT COUNT(*) AS value FROM chunks_turn ct JOIN transcripts t ON t.id = ct.transcript_id WHERE ($1::uuid IS NULL OR t.user_id = $1::uuid) AND ($2::date IS NULL OR t.meeting_date >= $2::date) AND ($3::date IS NULL OR t.meeting_date <= $3::date) AND ($4::text IS NULL OR t.summary ILIKE '%' || $4 || '%' OR t.raw_text ILIKE '%' || $4 || '%') AND ct.text ILIKE '%梅田%',"SELECT COALESCE(SUM(CASE WHEN $6::text IS NULL OR $6::text = '' THEN 0 ELSE (LENGTH(ct.text) - LENGTH(REPLACE(ct.text, $6::text, ''))) / LENGTH($6::text) END), 0)::float AS value FROM chunks_turn ct JOIN transcripts t ON ct.transcript_id = t.id WHERE ($1::uuid IS NULL OR t.user_id = $1::uuid) AND ($2::date IS NULL OR t.meeting_date >= $2::date) AND ($3::date IS NULL OR t.meeting_date <= $3::date) AND ($4::text IS NULL OR t.summary ILIKE '%' || $4 || '%' OR t.raw_text ILIKE '%' || $4 || '%') AND ($5::text IS NULL OR TRUE) AND ($6::text IS NULL OR TRUE)","Sai ❌ (SQL sinh ra đang đếm số ượt phát ngôn chứa từ khóa, chưa thực sự là số lần xuất hiện của từ khóa)",,
2026年5月1日の電話の総通話時間はどのくらいでしたか？,Tổng thời lượng các cuộc gọi điện thoại của bạn vào ngày 1 tháng 5 năm 2026 là bao nhiêu?,"SELECT COALESCE(SUM(t.duration_seconds), 0) AS value FROM transcripts t WHERE ($1::uuid IS NULL OR t.user_id = $1::uuid) AND ($2::date IS NULL OR t.meeting_date >= $2::date) AND ($3::date IS NULL OR t.meeting_date <= $3::date) AND ($4::text IS NULL OR t.summary ILIKE '%' || $4 || '%' OR t.raw_text ILIKE '%' || $4 || '%')","SELECT COALESCE(SUM(t.duration_seconds), 0) AS value FROM transcripts t WHERE ($1::uuid IS NULL OR t.user_id = $1::uuid) AND ($2::date IS NULL OR t.meeting_date >= $2::date) AND ($3::date IS NULL OR t.meeting_date <= $3::date) AND ($4::text IS NULL OR t.summary ILIKE '%' || $4 || '%' OR t.raw_text ILIKE '%' || $4 || '%') AND ($5::text IS NULL OR TRUE) AND ($6::text IS NULL OR TRUE)",Đúng✅,,
2026年5月1日の電話で、SPEAKER 1の平均発話時間はどのくらいでしたか？,"Vào ngày 1 tháng 5 năm 2026, thời gian nói trung bình của NGƯỜI NÓI 1 là bao nhiêu?","SELECT ROUND(AVG(ct.time_end_sec - ct.time_start_sec)::numeric, 2) AS value FROM chunks_turn ct JOIN transcripts t ON t.id = ct.transcript_id WHERE ($1::uuid IS NULL OR t.user_id = $1::uuid) AND ($2::date IS NULL OR t.meeting_date >= $2::date) AND ($3::date IS NULL OR t.meeting_date <= $3::date) AND ($4::text IS NULL OR t.summary ILIKE '%' || $4 || '%' OR t.raw_text ILIKE '%' || $4 || '%') AND ct.speaker = 'SPEAKER 1'","SELECT COALESCE(AVG(ct.time_end_sec - ct.time_start_sec), 0)::float AS value FROM chunks_turn ct JOIN transcripts t ON ct.transcript_id = t.id WHERE (ct.speaker = $5::text OR ct.speaker = (SELECT speaker FROM chunks_turn ct2 JOIN transcripts t2 ON ct2.transcript_id = t2.id WHERE ct2.text ILIKE '%' || $5::text || '%' AND ($1::uuid IS NULL OR t2.user_id = $1::uuid) AND ($2::date IS NULL OR t2.meeting_date >= $2::date) AND ($3::date IS NULL OR t2.meeting_date <= $3::date) LIMIT 1)) AND ($1::uuid IS NULL OR t.user_id = $1::uuid) AND ($2::date IS NULL OR t.meeting_date >= $2::date) AND ($3::date IS NULL OR t.meeting_date <= $3::date) AND ($4::text IS NULL OR t.summary ILIKE '%' || $4 || '%' OR t.raw_text ILIKE '%' || $4 || '%') AND ($5::text IS NULL OR TRUE) AND ($6::text IS NULL OR TRUE)",Đúng✅,,
2026年5月1日の電話で、最も長い発言は誰の発言でしたか？,"Trong cuộc gọi điện thoại ngày 1 tháng 5 năm 2026, lời phát biểu của ai dài nhất?","SELECT ct.speaker AS value, MAX(ct.time_end_sec - ct.time_start_sec) AS duration FROM chunks_turn ct JOIN transcripts t ON t.id = ct.transcript_id WHERE ($1::uuid IS NULL OR t.user_id = $1::uuid) AND ($2::date IS NULL OR t.meeting_date >= $2::date) AND ($3::date IS NULL OR t.meeting_date <= $3::date) AND ($4::text IS NULL OR t.summary ILIKE '%' || $4 || '%' OR t.raw_text ILIKE '%' || $4 || '%') GROUP BY ct.speaker ORDER BY duration DESC LIMIT 1","SKIP (operator=skip, target=none)",Đúng✅,,
2026年5月1日の電話で、最も短い発言は誰の発言でしたか？,Ai là người đưa ra câu trả lời ngắn gọn nhất trong cuộc gọi điện thoại ngày 1 tháng 5 năm 2026?,"SELECT ct.speaker AS value, MIN(ct.time_end_sec - ct.time_start_sec) AS duration FROM chunks_turn ct JOIN transcripts t ON t.id = ct.transcript_id WHERE ($1::uuid IS NULL OR t.user_id = $1::uuid) AND ($2::date IS NULL OR t.meeting_date >= $2::date) AND ($3::date IS NULL OR t.meeting_date <= $3::date) AND ($4::text IS NULL OR t.summary ILIKE '%' || $4 || '%' OR t.raw_text ILIKE '%' || $4 || '%') GROUP BY ct.speaker ORDER BY duration ASC LIMIT 1","SKIP (operator=skip, target=none)",Đúng✅,,
2026年5月1日の電話で、SPEAKER 1は何回発言しましたか？,Người nói số 1 đã nói bao nhiêu lần trong cuộc gọi điện thoại ngày 1 tháng 5 năm 2026?,SELECT COUNT(*) AS value FROM chunks_turn ct JOIN transcripts t ON t.id = ct.transcript_id WHERE ($1::uuid IS NULL OR t.user_id = $1::uuid) AND ($2::date IS NULL OR t.meeting_date >= $2::date) AND ($3::date IS NULL OR t.meeting_date <= $3::date) AND ($4::text IS NULL OR t.summary ILIKE '%' || $4 || '%' OR t.raw_text ILIKE '%' || $4 || '%') AND ct.speaker = 'SPEAKER 1',SELECT COUNT(*)::float AS value FROM chunks_turn ct JOIN transcripts t ON ct.transcript_id = t.id WHERE (ct.speaker = $5::text OR ct.speaker = (SELECT speaker FROM chunks_turn ct2 JOIN transcripts t2 ON ct2.transcript_id = t2.id WHERE ct2.text ILIKE '%' || $5::text || '%' AND ($1::uuid IS NULL OR t2.user_id = $1::uuid) AND ($2::date IS NULL OR t2.meeting_date >= $2::date) AND ($3::date IS NULL OR t2.meeting_date <= $3::date) LIMIT 1)) AND ($1::uuid IS NULL OR t.user_id = $1::uuid) AND ($2::date IS NULL OR t.meeting_date >= $2::date) AND ($3::date IS NULL OR t.meeting_date <= $3::date) AND ($4::text IS NULL OR t.summary ILIKE '%' || $4 || '%' OR t.raw_text ILIKE '%' || $4 || '%') AND ($5::text IS NULL OR TRUE) AND ($6::text IS NULL OR TRUE),Đúng✅,,
2026年5月1日の電話で、最も多く発言したのは誰ですか？,Ai là người nói nhiều nhất trong cuộc gọi điện thoại ngày 1 tháng 5 năm 2026?,"SELECT ct.speaker AS value, COUNT(*) AS turn_count FROM chunks_turn ct JOIN transcripts t ON t.id = ct.transcript_id WHERE ($1::uuid IS NULL OR t.user_id = $1::uuid) AND ($2::date IS NULL OR t.meeting_date >= $2::date) AND ($3::date IS NULL OR t.meeting_date <= $3::date) AND ($4::text IS NULL OR t.summary ILIKE '%' || $4 || '%' OR t.raw_text ILIKE '%' || $4 || '%') GROUP BY ct.speaker ORDER BY turn_count DESC LIMIT 1","SKIP (operator=skip, target=none)","Đúng✅
(SQL sinh ra tính  speaker có số lượt phát ngôn nhiều nhất)",,
2026年5月1日の電話では何人が発言し、何について確認していましたか？,"Có bao nhiêu người tham gia cuộc gọi điện thoại vào ngày 1 tháng 5 năm 2026, và họ đang xác nhận điều gì?","SKIP (operator=skip, target=none)","SKIP (operator=skip, target=none)",Đúng✅,,
2026年5月1日に行われた梅田様・スリーラスター様に関する電話の内容を教えてください。,"Vui lòng cho tôi biết chi tiết cuộc gọi điện thoại diễn ra vào ngày 1 tháng 5 năm 2026, liên quan đến ông Umeda và ThreeLuster.","SKIP (operator=skip, target=none)","SKIP (operator=skip, target=none)",Đúng✅,,
2026年5月1日から2026年5月10日までの間に、スリーラスター様に関する会話はありましたか？,Liệu có cuộc thảo luận nào về ThreeLuster diễn ra trong khoảng thời gian từ ngày 1 tháng 5 năm 2026 đến ngày 10 tháng 5 năm 2026 không?,SELECT COUNT(*) AS value FROM chunks_turn ct JOIN transcripts t ON t.id = ct.transcript_id WHERE ($1::uuid IS NULL OR t.user_id = $1::uuid) AND ($2::date IS NULL OR t.meeting_date >= $2::date) AND ($3::date IS NULL OR t.meeting_date <= $3::date) AND ($4::text IS NULL OR t.summary ILIKE '%' || $4 || '%' OR t.raw_text ILIKE '%' || $4 || '%') AND ct.text ILIKE '%スリーラスター%',"SKIP (operator=skip, target=none)","⚠️⚠️⚠️
(Cần tối ưu để trả về các cuộc hội thoại riêng biệt thay vì trả về toàn bộ lượt nói)",,
最近の会話でスリーラスター様の話題は出ましたか？,Gần đây bạn có nhắc đến ThreeLuster trong bất kỳ cuộc trò chuyện nào không?,SELECT COUNT(*) AS value FROM chunks_turn ct JOIN transcripts t ON t.id = ct.transcript_id WHERE ($1::uuid IS NULL OR t.user_id = $1::uuid) AND ($2::date IS NULL OR t.meeting_date >= $2::date) AND ($3::date IS NULL OR t.meeting_date <= $3::date) AND ($4::text IS NULL OR t.summary ILIKE '%' || $4 || '%' OR t.raw_text ILIKE '%' || $4 || '%') AND ct.text ILIKE '%スリーラスター%',"SKIP (operator=skip, target=none)","⚠️⚠️⚠️
(Cải thiện query, thay đổi thành COUNT > 0  để trả về Có / Không)",,
2026年5月1日の電話で、スリーラスター様の話題は何分頃に出ましたか？,"Trong cuộc gọi điện thoại ngày 1 tháng 5 năm 2026, chủ đề về ThreeLuster được đề cập đến vào thời điểm nào?","SKIP (operator=skip, target=none)","SKIP (operator=skip, target=none)",Đúng✅,,
2026年5月1日の電話では、サイズ書の有無についてどのように説明されていましたか？,"Trong cuộc gọi điện thoại ngày 1 tháng 5 năm 2026, việc có bảng kích cỡ hay không đã được giải thích như thế nào?","SKIP (operator=skip, target=none)","SKIP (operator=skip, target=none)",Đúng✅,,
2026年5月1日の電話では、配信有無の確認についてどのようなやり取りがありましたか？,Cuộc trao đổi qua điện thoại ngày 1 tháng 5 năm 2026 về việc xác nhận email có được gửi đi hay không diễn ra như thế nào?,"SKIP (operator=skip, target=none)","SKIP (operator=skip, target=none)",Đúng✅,,
2026年5月1日の梅田様・スリーラスター様に関する電話で言及された「サイズ書」とは何を指していると考えられますか？,"Bạn nghĩ ""bảng kích thước"" được đề cập trong cuộc điện thoại với ông Umeda và ThreeLuster vào ngày 1 tháng 5 năm 2026 là để chỉ điều gì?","SKIP (operator=skip, target=none)","SKIP (operator=skip, target=none)",Đúng✅,,
2026年5月1日の電話で言及されたスリーラスター様とはどのような組織・会社として扱われていますか？,"ThreeLuster, được nhắc đến trong cuộc gọi điện thoại ngày 1 tháng 5 năm 2026, được xem là một tổ chức hay công ty như thế nào?","SKIP (operator=skip, target=none)","SKIP (operator=skip, target=none)",Đúng✅,,
2026年5月1日の電話で、「スリーラスター様は購入なのでサイズ書なしです」と判断された根拠となる発言箇所を示してください,"Vui lòng cung cấp đoạn cụ thể của cuộc gọi điện thoại ngày 1 tháng 5 năm 2026 dẫn đến kết luận rằng ""ThreeLuster đã mua mặt hàng này, vì vậy không có thông tin về kích thước được cung cấp.""","SKIP (operator=skip, target=none)","SKIP (operator=skip, target=none)",Đúng✅,,
2026年5月2日のPMG部 石田志保様宛ての電話では、どのような用件で連絡がありましたか？,Mục đích cuộc gọi điện thoại mà bạn đã thực hiện cho bà Shiho Ishida thuộc Cục Bưu chính vào ngày 2 tháng 5 năm 2026 là gì?,"SKIP (operator=skip, target=none)","SKIP (operator=skip, target=none)",Đúng✅,,
2026年5月2日の電話では、石田志保様への取り次ぎについて最終的にどのような対応になりましたか？,"Liên quan đến cuộc gọi điện thoại ngày 2 tháng 5 năm 2026, quyết định cuối cùng về việc kết nối cuộc gọi với bà Shiho Ishida là gì?","SKIP (operator=skip, target=none)","SKIP (operator=skip, target=none)",Đúng✅,,
2026年5月2日の電話で、Aはバルテスの中岡様に対してどのような依頼をしましたか？,"Trong cuộc gọi điện thoại ngày 2 tháng 5 năm 2026, A đã đưa ra yêu cầu gì cho ông Nakaoka ở Valtes?","SKIP (operator=skip, target=none)","SKIP (operator=skip, target=none)",Đúng✅,,
2026年5月2日の電話で、相手の要望を断ったり否定したりする発言はありましたか？,"Trong cuộc điện thoại ngày 2 tháng 5 năm 2026, có bất kỳ phát ngôn nào từ chối hoặc phủ nhận yêu cầu của bên kia không?",SELECT COUNT(*) AS value FROM chunks_turn ct JOIN transcripts t ON t.id = ct.transcript_id WHERE ($1::uuid IS NULL OR t.user_id = $1::uuid) AND ($2::date IS NULL OR t.meeting_date >= $2::date) AND ($3::date IS NULL OR t.meeting_date <= $3::date) AND ($4::text IS NULL OR t.summary ILIKE '%' || $4 || '%' OR t.raw_text ILIKE '%' || $4 || '%') ,"SKIP (operator=skip, target=none)",Sai ❌ (Cần ngữ nghĩa để trả lời),,
2026年5月2日の電話で、石田志保様にすぐ取り次げなかった理由は何と説明されましたか？,Lý do nào được đưa ra cho việc không thể kết nối ngay lập tức bạn với bà Shiho Ishida trong cuộc gọi điện thoại ngày 2 tháng 5 năm 2026?,"SKIP (operator=skip, target=none)","SKIP (operator=skip, target=none)",Đúng✅,,
2026年5月2日の電話で、石田志保様の勤務状況についてどのような説明がありましたか？,"Trong cuộc điện thoại ngày 2 tháng 5 năm 2026, người ta đã đưa ra lời giải thích gì về tình hình công việc của bà Shiho Ishida?","SKIP (operator=skip, target=none)","SKIP (operator=skip, target=none)",Đúng✅,,
2026年5月2日の電話の後、誰がどのような対応を行う予定になっていますか？,"Sau cuộc điện thoại ngày 2 tháng 5 năm 2026, ai dự kiến ​​sẽ thực hiện những hành động gì?","SKIP (operator=skip, target=none)","SKIP (operator=skip, target=none)",Đúng✅,,
2026年5月2日の電話で、まだ確認できていない情報や未解決の事項はありますか？,"Liên quan đến cuộc gọi điện thoại ngày 2 tháng 5 năm 2026, liệu có thông tin nào chưa được xác nhận hoặc vấn đề nào chưa được giải quyết không?","SKIP (operator=skip, target=none)","SKIP (operator=skip, target=none)",Đúng✅,,
2026年5月2日の電話で、Aが説明した石田志保様の状況と今後の対応をまとめてください。,Vui lòng tóm tắt tình hình của bà Shiho Ishida và hướng hành động tiếp theo như ông A đã giải thích trong cuộc điện thoại ngày 2 tháng 5 năm 2026.,"SKIP (operator=skip, target=none)","SKIP (operator=skip, target=none)",Đúng✅,,
2026年5月2日の電話で、石田志保様への連絡方法についてAと中岡様はどのようなやり取りをしましたか？,"Trong cuộc gọi điện thoại ngày 2 tháng 5 năm 2026, A và Nakaoka đã trao đổi những gì về cách liên lạc với Shiho Ishida?","SKIP (operator=skip, target=none)","SKIP (operator=skip, target=none)",Đúng✅,,
2026年5月2日の電話で、「石田様は在宅になりますので、こちらからかけ直させていただきます」と発言したのは誰ですか？,"Ai đã nói, ""Ông Ishida sẽ ở nhà, nên chúng tôi sẽ gọi lại cho ông sau,"" trong cuộc gọi điện thoại ngày 2 tháng 5 năm 2026?","SKIP (operator=skip, target=none)","SKIP (operator=skip, target=none)",Đúng✅,,
2026年5月2日の電話には誰が参加しており、それぞれどの会社を名乗っていますか？,"Ai đã tham gia cuộc gọi điện thoại vào ngày 2 tháng 5 năm 2026, và mỗi người tự nhận là đại diện cho công ty nào?","SKIP (operator=skip, target=none)","SKIP (operator=skip, target=none)",Đúng✅,,
2026年5月2日のPMG部 石田志保様宛ての電話の目的と結果をまとめてください。,Vui lòng tóm tắt mục đích và kết quả của cuộc gọi điện thoại cho bà Shiho Ishida thuộc Cục Bưu chính vào ngày 2 tháng 5 năm 2026.,"SKIP (operator=skip, target=none)","SKIP (operator=skip, target=none)",Đúng✅,,
2026年5月2日の電話での石田志保様に関するやり取りを要約してください。,Vui lòng tóm tắt cuộc điện thoại liên quan đến bà Shiho Ishida vào ngày 2 tháng 5 năm 2026.,"SKIP (operator=skip, target=none)","SKIP (operator=skip, target=none)",Đúng✅,,
2026年5月2日の電話で、折り返し連絡に至った経緯を説明してください。,Vui lòng giải thích những tình huống dẫn đến cuộc gọi lại này vào ngày 2 tháng 5 năm 2026.,"SKIP (operator=skip, target=none)","SKIP (operator=skip, target=none)",Đúng✅,,
2026年5月2日の電話で確認された連絡先情報をまとめてください。,Vui lòng tổng hợp thông tin liên lạc đã được xác nhận qua điện thoại vào ngày 2 tháng 5 năm 2026.,"SKIP (operator=skip, target=none)","SKIP (operator=skip, target=none)",Đúng✅,,
2026年5月2日の電話で、石田様の名前は何回言及されましたか？,"Trong cuộc gọi điện thoại ngày 2 tháng 5 năm 2026, tên của ông Ishida được nhắc đến bao nhiêu lần?",SELECT COUNT(*) AS value FROM chunks_turn ct JOIN transcripts t ON t.id = ct.transcript_id WHERE ($1::uuid IS NULL OR t.user_id = $1::uuid) AND ($2::date IS NULL OR t.meeting_date >= $2::date) AND ($3::date IS NULL OR t.meeting_date <= $3::date) AND ($4::text IS NULL OR t.summary ILIKE '%' || $4 || '%' OR t.raw_text ILIKE '%' || $4 || '%') AND ct.text ILIKE '%石田%',"SELECT COALESCE(SUM(CASE WHEN $6::text IS NULL OR $6::text = '' THEN 0 ELSE (LENGTH(ct.text) - LENGTH(REPLACE(ct.text, $6::text, ''))) / LENGTH($6::text) END), 0)::float AS value FROM chunks_turn ct JOIN transcripts t ON ct.transcript_id = t.id WHERE ($1::uuid IS NULL OR t.user_id = $1::uuid) AND ($2::date IS NULL OR t.meeting_date >= $2::date) AND ($3::date IS NULL OR t.meeting_date <= $3::date) AND ($4::text IS NULL OR t.summary ILIKE '%' || $4 || '%' OR t.raw_text ILIKE '%' || $4 || '%') AND ($5::text IS NULL OR TRUE) AND ($6::text IS NULL OR TRUE)",Sai ❌ (Cần đếm số lần xuất hiện thực sự của từ khóa thay vì chỉ đếm số lượt phát ngôn có chứa từ khóa như hiện tại),,
2026年5月2日の電話で、会社名の確認は何回行われましたか？,Tên công ty đã được nhắc lại bao nhiêu lần trong cuộc gọi điện thoại ngày 2 tháng 5 năm 2026?,SELECT COUNT(*) AS value FROM chunks_turn ct JOIN transcripts t ON t.id = ct.transcript_id WHERE ($1::uuid IS NULL OR t.user_id = $1::uuid) AND ($2::date IS NULL OR t.meeting_date >= $2::date) AND ($3::date IS NULL OR t.meeting_date <= $3::date) AND ($4::text IS NULL OR t.summary ILIKE '%' || $4 || '%' OR t.raw_text ILIKE '%' || $4 || '%') AND ct.text ILIKE '%会社名%',"SELECT COALESCE(SUM(CASE WHEN $6::text IS NULL OR $6::text = '' THEN 0 ELSE (LENGTH(ct.text) - LENGTH(REPLACE(ct.text, $6::text, ''))) / LENGTH($6::text) END), 0)::float AS value FROM chunks_turn ct JOIN transcripts t ON ct.transcript_id = t.id WHERE ($1::uuid IS NULL OR t.user_id = $1::uuid) AND ($2::date IS NULL OR t.meeting_date >= $2::date) AND ($3::date IS NULL OR t.meeting_date <= $3::date) AND ($4::text IS NULL OR t.summary ILIKE '%' || $4 || '%' OR t.raw_text ILIKE '%' || $4 || '%') AND ($5::text IS NULL OR TRUE) AND ($6::text IS NULL OR TRUE)","Sai ❌(Câu hỏi: Bao nhiêu lần việc xác nhận tên công ty diễn ra?) 
=> Cần ngữ nghĩa để xác định",,
2026年5月2日の電話で、折り返し連絡に関する発言は何回ありましたか？,"Trong cuộc gọi điện thoại ngày 2 tháng 5 năm 2026, có bao nhiêu lần người gọi nhắc đến việc gọi lại?",SELECT COUNT(*) AS value FROM chunks_turn ct JOIN transcripts t ON t.id = ct.transcript_id WHERE ($1::uuid IS NULL OR t.user_id = $1::uuid) AND ($2::date IS NULL OR t.meeting_date >= $2::date) AND ($3::date IS NULL OR t.meeting_date <= $3::date) AND ($4::text IS NULL OR t.summary ILIKE '%' || $4 || '%' OR t.raw_text ILIKE '%' || $4 || '%') AND ct.text ILIKE '%折り返し連絡%',"SELECT COALESCE(SUM(CASE WHEN $6::text IS NULL OR $6::text = '' THEN 0 ELSE (LENGTH(ct.text) - LENGTH(REPLACE(ct.text, $6::text, ''))) / LENGTH($6::text) END), 0)::float AS value FROM chunks_turn ct JOIN transcripts t ON ct.transcript_id = t.id WHERE ($1::uuid IS NULL OR t.user_id = $1::uuid) AND ($2::date IS NULL OR t.meeting_date >= $2::date) AND ($3::date IS NULL OR t.meeting_date <= $3::date) AND ($4::text IS NULL OR t.summary ILIKE '%' || $4 || '%' OR t.raw_text ILIKE '%' || $4 || '%') AND ($5::text IS NULL OR TRUE) AND ($6::text IS NULL OR TRUE)","Sai ❌ 
=> Cần ngữ nghĩa để xác định bao nhiêu lần đề cập tới việc gọi lại thay vì chỉ lọc theo từ khóa)",,
2026年5月2日のPMG部 石田志保様宛ての電話について教えてください。,"Vui lòng cho tôi biết về cuộc gọi điện thoại được thực hiện vào ngày 2 tháng 5 năm 2026, gửi đến bà Shiho Ishida thuộc Cục Bưu chính.","SKIP (operator=skip, target=none)","SKIP (operator=skip, target=none)",Đúng✅,,
2026年5月1日から2026年5月5日までの間に、PMG部の石田志保様に関する通話はありましたか？,Có cuộc gọi điện thoại nào liên quan đến bà Shiho Ishida thuộc Cục Bưu chính trong khoảng thời gian từ ngày 1 tháng 5 năm 2026 đến ngày 5 tháng 5 năm 2026 không?,SELECT COUNT(*) AS value FROM chunks_turn ct JOIN transcripts t ON t.id = ct.transcript_id WHERE ($1::uuid IS NULL OR t.user_id = $1::uuid) AND ($2::date IS NULL OR t.meeting_date >= $2::date) AND ($3::date IS NULL OR t.meeting_date <= $3::date) AND ($4::text IS NULL OR t.summary ILIKE '%' || $4 || '%' OR t.raw_text ILIKE '%' || $4 || '%') AND ct.text ILIKE '%石田志保%',"SKIP (operator=skip, target=none)","⚠️⚠️⚠️
(Chưa hợp lý, hiện tại đang đếm số turn trong khi hỏi có cuộc họp nào không => đổi thành COUNT(DISTINCT t.id) để in ra cuộc họp riêng biệt hoặc COUNT(*) > 0 để cho kết quả Có / Không )",,
最近の通話で、バルテスの中岡様からの連絡はありましたか？,Gần đây bạn có nhận được cuộc gọi nào từ ông Nakaoka của Valtes không?,SELECT COUNT(*) AS value FROM chunks_turn ct JOIN transcripts t ON t.id = ct.transcript_id WHERE ($1::uuid IS NULL OR t.user_id = $1::uuid) AND ($2::date IS NULL OR t.meeting_date >= $2::date) AND ($3::date IS NULL OR t.meeting_date <= $3::date) AND ($4::text IS NULL OR t.summary ILIKE '%' || $4 || '%' OR t.raw_text ILIKE '%' || $4 || '%') AND ct.text ILIKE '%中岡様%',"SKIP (operator=skip, target=none)","⚠️⚠️⚠️
(Chưa hợp lý, hiện tại đang đếm số turn trong khi hỏi có cuộc họp nào không => đổi thành COUNT(DISTINCT t.id) để in ra cuộc họp riêng biệt hoặc COUNT(*) > 0 để cho kết quả Có / Không )",,
2026年5月2日の電話で、中岡様が電話番号を伝えたのは何分頃ですか？,"Vào phút thứ mấy trong cuộc gọi điện thoại ngày 2 tháng 5 năm 2026, ông Nakaoka đã cho số điện thoại của mình?","SKIP (operator=skip, target=none)","SKIP (operator=skip, target=none)",Đúng✅,,
2026年5月2日の電話では、在宅勤務中の担当者への連絡についてどのように説明されていましたか？,"Trong cuộc gọi điện thoại ngày 2 tháng 5 năm 2026, việc liên lạc với các nhân viên làm việc tại nhà đã được giải thích như thế nào?","SKIP (operator=skip, target=none)","SKIP (operator=skip, target=none)",Đúng✅,,
2026年5月2日の電話では、在宅勤務中の石田志保様への連絡対応がどのように進められましたか？,"Việc liên lạc với bà Shiho Ishida, người đang làm việc tại nhà, đã được thực hiện như thế nào trong cuộc gọi điện thoại ngày 2 tháng 5 năm 2026?","SKIP (operator=skip, target=none)","SKIP (operator=skip, target=none)",Đúng✅,,
2026年5月2日の電話で言及されたPMG部とはどのような部署として扱われていますか？,Tình trạng hoạt động của bộ phận PMG như đã đề cập trong cuộc điện thoại ngày 2 tháng 5 năm 2026 là như thế nào?,"SKIP (operator=skip, target=none)","SKIP (operator=skip, target=none)",Đúng✅,,
2026年5月2日の電話で確認された、バルテスの中岡様の連絡先情報を教えてください。,"Vui lòng cung cấp thông tin liên lạc của ông Nakaoka ở Valtes, thông tin này đã được xác nhận qua điện thoại vào ngày 2 tháng 5 năm 2026.","SKIP (operator=skip, target=none)","SKIP (operator=skip, target=none)",Đúng✅,,
2026年5月2日の電話で、折り返し対応が必要と判断された根拠となる発言箇所を示してください。,Vui lòng cho biết cụ thể phần nào của cuộc gọi điện thoại ngày 2 tháng 5 năm 2026 đã dẫn đến kết luận rằng cần phải gọi lại.,"SKIP (operator=skip, target=none)","SKIP (operator=skip, target=none)",Đúng✅,,
2026年5月3日に島田様からあったアセットジャパンの物件に関する電話では、どのような問い合わせがありましたか？,Ông Shimada đã hỏi những câu hỏi gì về các bất động sản của Asset Japan trong cuộc điện thoại ngày 3 tháng 5 năm 2026?,"SKIP (operator=skip, target=none)","SKIP (operator=skip, target=none)",Đúng✅,,
2026年5月3日の島田様からの物件問い合わせに対して、最終的にどのような対応方針となりましたか？,"Liên quan đến yêu cầu tư vấn về tài sản của ông Shimada ngày 3 tháng 5 năm 2026, quyết định cuối cùng của quý vị là gì?","SKIP (operator=skip, target=none)","SKIP (operator=skip, target=none)",Đúng✅,,
2026年5月3日の島田様からの物件問い合わせ電話で、Bは担当者にどのような依頼や相談をしたかったのですか？,"Trong cuộc gọi hỏi thông tin bất động sản từ ông Shimada vào ngày 3 tháng 5 năm 2026, ông B muốn có những yêu cầu hoặc tư vấn gì với người phụ trách?","SKIP (operator=skip, target=none)","SKIP (operator=skip, target=none)",Đúng✅,,
2026年5月3日の島田様との電話では、相手の提案に対する否定的な反応や反対意見はありましたか？,"Trong cuộc điện thoại của bạn với ông Shimada vào ngày 3 tháng 5 năm 2026, bạn có phản ứng tiêu cực hoặc phản đối nào đối với đề xuất của ông ấy không?","SKIP (operator=skip, target=none)","SKIP (operator=skip, target=none)",Đúng✅,,
2026年5月3日の物件問い合わせ電話で、Bが不安や懸念として挙げていた内容は何ですか？,Những mối lo ngại hay băn khoăn nào mà B đã nêu ra trong cuộc gọi hỏi thông tin bất động sản vào ngày 3 tháng 5 năm 2026?,"SKIP (operator=skip, target=none)","SKIP (operator=skip, target=none)",Đúng✅,,
2026年5月3日の電話で、Bが説明した物件の現在の状況をまとめてください。,Vui lòng tóm tắt tình trạng hiện tại của bất động sản mà B đã mô tả trong cuộc gọi điện thoại ngày 3 tháng 5 năm 2026.,"SKIP (operator=skip, target=none)","SKIP (operator=skip, target=none)",Đúng✅,,
2026年5月3日の島田様との電話後、担当者はどのような対応を行う予定でしたか？,Nhân viên phụ trách dự định sẽ thực hiện những hành động gì sau cuộc gọi với ông/bà Shimada vào ngày 3 tháng 5 năm 2026?,"SKIP (operator=skip, target=none)","SKIP (operator=skip, target=none)",Đúng✅,,
2026年5月3日の電話終了時点で、まだ確認できていなかった事項は何ですか？,"Tính đến thời điểm kết thúc cuộc gọi điện thoại ngày 3 tháng 5 năm 2026, những vấn đề nào vẫn chưa được xác nhận?","SKIP (operator=skip, target=none)","SKIP (operator=skip, target=none)",Đúng✅,,
2026年5月3日の島田様との電話で、Aが説明した対応内容と今後の流れを要約してください。,"Hãy tóm tắt các hành động mà A đã trình bày trong cuộc gọi điện thoại với ông Shimada vào ngày 3 tháng 5 năm 2026, và các bước tiếp theo cần thực hiện.","SKIP (operator=skip, target=none)","SKIP (operator=skip, target=none)",Đúng✅,,
2026年5月3日の電話で、物件の内見や販売状況についてAとBはどのようなやり取りをしましたか？,"Vào ngày 3 tháng 5 năm 2026, A và B đã nói chuyện gì qua điện thoại về việc xem nhà và tình trạng mua bán?","SKIP (operator=skip, target=none)","SKIP (operator=skip, target=none)",Đúng✅,,
2026年5月3日の電話で、「その物件が売れてしまったのか分からない」と話したのは誰ですか？,"Ai là người đã nói qua điện thoại vào ngày 3 tháng 5 năm 2026 rằng, ""Tôi không biết liệu bất động sản đó đã được bán hay chưa""?","SKIP (operator=skip, target=none)","SKIP (operator=skip, target=none)",Đúng✅,,
2026年5月3日の島田様からの物件問い合わせ電話には誰が参加し、それぞれどのような立場でしたか？,"Những ai đã tham gia cuộc gọi hỏi thông tin bất động sản từ ông Shimada vào ngày 3 tháng 5 năm 2026, và vai trò của mỗi người là gì?","SKIP (operator=skip, target=none)","SKIP (operator=skip, target=none)",Đúng✅,,
2026年5月3日の島田様からの物件問い合わせ電話の要件と対応内容を要約してください。,Vui lòng tóm tắt chi tiết cuộc gọi hỏi thông tin bất động sản từ ông Shimada vào ngày 3 tháng 5 năm 2026 và các câu trả lời đã được cung cấp.,"SKIP (operator=skip, target=none)","SKIP (operator=skip, target=none)",Đúng✅,,
2026年5月3日、島田様は何のためにアセットジャパンへ電話をかけましたか？,Tại sao ông Shimada lại gọi cho Asset Japan vào ngày 3 tháng 5 năm 2026?,"SKIP (operator=skip, target=none)","SKIP (operator=skip, target=none)",Đúng✅,,
2026年5月3日の島田様による物件問い合わせ内容をまとめてください。,Vui lòng tóm tắt yêu cầu thông tin bất động sản của ông/bà Shimada vào ngày 3 tháng 5 năm 2026.,"SKIP (operator=skip, target=none)","SKIP (operator=skip, target=none)",Đúng✅,,
2026年5月3日の電話では、最終的にどのような対応を行うことになりましたか？,Quyết định cuối cùng được đưa ra trong cuộc điện thoại ngày 3 tháng 5 năm 2026 là gì?,"SKIP (operator=skip, target=none)","SKIP (operator=skip, target=none)",Đúng✅,,
2026年5月3日の電話では、AとBのどちらの発言回数が多かったですか？,"Trong cuộc gọi điện thoại ngày 3 tháng 5 năm 2026, ai nói nhiều hơn, A hay B?",SELECT COUNT(*) AS value FROM chunks_turn ct JOIN transcripts t ON t.id = ct.transcript_id WHERE ($1::uuid IS NULL OR t.user_id = $1::uuid) AND ($2::date IS NULL OR t.meeting_date >= $2::date) AND ($3::date IS NULL OR t.meeting_date <= $3::date) AND ($4::text IS NULL OR t.summary ILIKE '%' || $4 || '%' OR t.raw_text ILIKE '%' || $4 || '%') ,"SKIP (operator=skip, target=none)","Sai ❌
(Cần đếm số lượt nói của 2 người rồi so sánh, lấy người nói nhiều hơn, thay vì chỉ liệt kê như hiện tại)",,
2026年5月3日の島田様との通話時間はどのくらいでしたか？,Cuộc gọi điện thoại của bạn với ông/bà Shimada vào ngày 3 tháng 5 năm 2026 kéo dài bao lâu?,"SELECT COALESCE(SUM(t.duration_seconds), 0) AS value FROM transcripts t WHERE ($1::uuid IS NULL OR t.user_id = $1::uuid) AND ($2::date IS NULL OR t.meeting_date >= $2::date) AND ($3::date IS NULL OR t.meeting_date <= $3::date) AND ($4::text IS NULL OR t.summary ILIKE '%' || $4 || '%' OR t.raw_text ILIKE '%' || $4 || '%')","SELECT COALESCE(SUM(t.duration_seconds), 0) AS value FROM transcripts t WHERE ($1::uuid IS NULL OR t.user_id = $1::uuid) AND ($2::date IS NULL OR t.meeting_date >= $2::date) AND ($3::date IS NULL OR t.meeting_date <= $3::date) AND ($4::text IS NULL OR t.summary ILIKE '%' || $4 || '%' OR t.raw_text ILIKE '%' || $4 || '%') AND ($5::text IS NULL OR TRUE) AND ($6::text IS NULL OR TRUE)",Đúng✅,,
2026年5月3日の電話で、折り返し連絡について何回言及されましたか？,"Trong cuộc gọi điện thoại ngày 3 tháng 5 năm 2026, việc nhắc đến cuộc gọi lại đã được đề cập bao nhiêu lần?",SELECT COUNT(*) AS value FROM chunks_turn ct JOIN transcripts t ON t.id = ct.transcript_id WHERE ($1::uuid IS NULL OR t.user_id = $1::uuid) AND ($2::date IS NULL OR t.meeting_date >= $2::date) AND ($3::date IS NULL OR t.meeting_date <= $3::date) AND ($4::text IS NULL OR t.summary ILIKE '%' || $4 || '%' OR t.raw_text ILIKE '%' || $4 || '%') AND ct.text ILIKE '%折り返し連絡%',"SELECT COALESCE(SUM(CASE WHEN $6::text IS NULL OR $6::text = '' THEN 0 ELSE (LENGTH(ct.text) - LENGTH(REPLACE(ct.text, $6::text, ''))) / LENGTH($6::text) END), 0)::float AS value FROM chunks_turn ct JOIN transcripts t ON ct.transcript_id = t.id WHERE ($1::uuid IS NULL OR t.user_id = $1::uuid) AND ($2::date IS NULL OR t.meeting_date >= $2::date) AND ($3::date IS NULL OR t.meeting_date <= $3::date) AND ($4::text IS NULL OR t.summary ILIKE '%' || $4 || '%' OR t.raw_text ILIKE '%' || $4 || '%') AND ($5::text IS NULL OR TRUE) AND ($6::text IS NULL OR TRUE)","Sai ❌ 
=> Cần ngữ nghĩa để xác định bao nhiêu lần đề cập tới việc gọi lại thay vì chỉ lọc theo từ khóa)",,
2026年5月3日の電話で、島田様はいくつの確認事項を伝え、その内容は何でしたか？,"Trong cuộc điện thoại ngày 3 tháng 5 năm 2026, ông Shimada đã nêu ra một số điểm cần làm rõ, vậy những điểm đó là gì?","SKIP (operator=skip, target=none)","SKIP (operator=skip, target=none)",Đúng✅,,
2026年5月3日の島田様からの通話について教えてください。,Hãy cho tôi biết về cuộc gọi điện thoại mà bạn nhận được từ ông Shimada vào ngày 3 tháng 5 năm 2026.,"SKIP (operator=skip, target=none)","SKIP (operator=skip, target=none)",Đúng✅,,
2026年5月1日から5月5日までの島田様との通話履歴をすべて表示してください。,Vui lòng hiển thị toàn bộ lịch sử cuộc gọi với ông/bà Shimada từ ngày 1 tháng 5 đến ngày 5 tháng 5 năm 2026.,"SKIP (operator=skip, target=none)","SKIP (operator=skip, target=none)",Đúng✅,,
最近の通話の中で、島田様から内見希望に関する連絡はありましたか？,"Trong cuộc gọi điện thoại gần đây, ông Shimada có liên hệ với bạn về yêu cầu xem nhà không?","SKIP (operator=skip, target=none)","SKIP (operator=skip, target=none)",Đúng✅,,
2026年5月3日の電話で、島田様が「今物件の目の前にいる」と話したのは通話の何分頃ですか？,"Trong cuộc gọi điện thoại ngày 3 tháng 5 năm 2026, ông Shimada đã nói ""Tôi đang ở ngay trước khu đất"" vào thời điểm nào?","SKIP (operator=skip, target=none)","SKIP (operator=skip, target=none)",Đúng✅,,
2026年5月3日の島田様からの物件問い合わせ電話では担当者が不在でしたが、このような場合の顧客への折り返し連絡に関する社内ルールを教えてください。,"Ngày 3 tháng 5 năm 2026, ông Shimada gọi điện để hỏi về một bất động sản, nhưng người phụ trách không có mặt. Xin vui lòng cho tôi biết quy định của công ty về việc gọi lại cho khách hàng trong những trường hợp như vậy?","SKIP (operator=skip, target=none)","SKIP (operator=skip, target=none)",Đúng✅,,
2026年5月3日の島田様のようにお客様から物件の内見希望があった場合、社内ではどのような対応フローを実施しますか？,"Nếu một khách hàng, như ông Shimada vào ngày 3 tháng 5 năm 2026, yêu cầu xem một bất động sản, bạn sẽ thực hiện quy trình phản hồi nội bộ nào?","SKIP (operator=skip, target=none)","SKIP (operator=skip, target=none)",Đúng✅,,
2026年5月3日の電話で島田様が希望していた「内見」について、弊社における定義および実施基準を教えてください。,"Về yêu cầu ""xem xét"" mà bà Shimada đưa ra trong cuộc gọi điện thoại của chúng tôi vào ngày 3 tháng 5 năm 2026, xin vui lòng giải thích định nghĩa và tiêu chuẩn thực hiện của công ty chúng tôi?","SKIP (operator=skip, target=none)","SKIP (operator=skip, target=none)",Đúng✅,,
2026年5月3日の島田様からの物件問い合わせ電話に関連して、担当部署・担当者情報および登録されている連絡先情報を教えてください。,"Về cuộc gọi hỏi thông tin bất động sản từ ông Shimada ngày 3 tháng 5 năm 2026, vui lòng cung cấp tên bộ phận/người phụ trách, cũng như thông tin liên lạc đã đăng ký.","SKIP (operator=skip, target=none)","SKIP (operator=skip, target=none)",Đúng✅,,
2026年5月3日の島田様との電話で案内された折り返し連絡について、その期限や対応ルールは業務マニュアルのどの章・条項に記載されていますか？,"Về việc gọi lại mà tôi được hướng dẫn thực hiện trong cuộc gọi với ông Shimada vào ngày 3 tháng 5 năm 2026, thời hạn và quy tắc thực hiện việc đó được mô tả trong chương hoặc phần nào của sổ tay hướng dẫn vận hành?","SKIP (operator=skip, target=none)","SKIP (operator=skip, target=none)",Đúng✅,,
2026年5月4日に三菱UFJ銀行の横堀様からあった電話では、中原凛花様に関してどのような用件でアセットジャパンへ連絡されましたか？,"Ngày 4 tháng 5 năm 2026, ông Yokobori từ Ngân hàng Mitsubishi UFJ gọi cho tôi và hỏi: Mục đích cuộc gọi của anh liên quan đến bà Rinka Nakahara là gì mà dẫn đến việc anh liên hệ với Asset Japan?","SKIP (operator=skip, target=none)","SKIP (operator=skip, target=none)",Đúng✅,,
2026年5月4日の横堀様からの電話の結果として、中原凛花様に対してどのような対応を行うことになりましたか？,"Sau cuộc điện thoại từ ông Yokobori vào ngày 4 tháng 5 năm 2026, sẽ có biện pháp xử lý nào đối với bà Nakahara Rinka?","SKIP (operator=skip, target=none)","SKIP (operator=skip, target=none)",Đúng✅,,
2026年5月4日の電話で、横堀様はアセットジャパン側にどのような依頼やお願いをしましたか？,Ông Yokobori đã đưa ra những yêu cầu hoặc thắc mắc gì với Asset Japan trong cuộc điện thoại ngày 4 tháng 5 năm 2026?,"SKIP (operator=skip, target=none)","SKIP (operator=skip, target=none)",Đúng✅,,
2026年5月4日の電話では、横堀様からの依頼に対してアセットジャパン側が断ったり反対したりした内容はありましたか？,"Trong cuộc điện thoại ngày 4 tháng 5 năm 2026, liệu Asset Japan có từ chối hoặc phản đối bất kỳ yêu cầu nào từ ông Yokobori không?","SKIP (operator=skip, target=none)","SKIP (operator=skip, target=none)",Đúng✅,,
2026年5月4日の電話で、中原凛花様への取次ぎに関してどのような問題や制約が説明されましたか？,Những vấn đề hoặc hạn chế nào đã được giải thích liên quan đến việc chuyển cuộc gọi cho bà Rinka Nakahara trong cuộc gọi điện thoại ngày 4 tháng 5 năm 2026?,"SKIP (operator=skip, target=none)","SKIP (operator=skip, target=none)",Đúng✅,,
2026年5月4日の電話で、横堀様はこれまで中原凛花様へどのような連絡を行っていたと説明しましたか？,"Trong cuộc điện thoại ngày 4 tháng 5 năm 2026, ông Yokobori đã giải thích cho bà Nakahara Rinka những nội dung gì cho đến thời điểm đó?","SKIP (operator=skip, target=none)","SKIP (operator=skip, target=none)",Đúng✅,,
2026年5月4日の電話後、中原凛花様・アセットジャパン・三菱UFJ銀行のそれぞれが行う予定の対応を整理してください。,"Vui lòng tóm tắt các hành động mà bà Rinka Nakahara, Asset Japan và Ngân hàng Mitsubishi UFJ dự định thực hiện sau cuộc điện đàm ngày 4 tháng 5 năm 2026.","SKIP (operator=skip, target=none)","SKIP (operator=skip, target=none)",Đúng✅,,
2026年5月4日の電話終了時点で、まだ確認できていない事項や未解決の事項はありますか？,"Tính đến thời điểm kết thúc cuộc gọi điện thoại ngày 4 tháng 5 năm 2026, còn vấn đề nào chưa được xác nhận hoặc chưa được giải quyết không?","SKIP (operator=skip, target=none)","SKIP (operator=skip, target=none)",Đúng✅,,
2026年5月4日の電話で、三菱UFJ銀行の横堀様はどのような説明や案内を行いましたか？,Ông Yokobori từ Ngân hàng Mitsubishi UFJ đã cung cấp những lời giải thích hoặc thông tin gì trong cuộc điện thoại ngày 4 tháng 5 năm 2026?,"SKIP (operator=skip, target=none)","SKIP (operator=skip, target=none)",Đúng✅,,
2026年5月4日の電話で、横堀様とアセットジャパン担当者は中原凛花様への連絡方法についてどのようなやり取りをしましたか？,"Trong cuộc điện thoại ngày 4 tháng 5 năm 2026, ông Yokobori và đại diện của Asset Japan đã trao đổi những gì về cách liên lạc với bà Rinka Nakahara?","SKIP (operator=skip, target=none)","SKIP (operator=skip, target=none)",Đúng✅,,
2026年5月4日の電話で、「私以外の者でもご案内できますので、お電話いただきたいとの伝言をお願いしてもよろしいでしょうか？」と発言したのは誰ですか？,"Ai là người đã nói trong cuộc gọi điện thoại ngày 4 tháng 5 năm 2026, ""Ngoài tôi ra còn có người khác có thể hỗ trợ bạn, vì vậy vui lòng để lại lời nhắn yêu cầu họ gọi lại?""","SKIP (operator=skip, target=none)","SKIP (operator=skip, target=none)",Đúng✅,,
2026年5月4日の三菱UFJ銀行からの電話には誰が参加しており、それぞれの所属や役割は何でしたか？,"Những ai đã có mặt trong cuộc gọi điện thoại từ Ngân hàng Mitsubishi UFJ vào ngày 4 tháng 5 năm 2026, và họ thuộc bộ phận và đảm nhiệm vai trò gì?","SKIP (operator=skip, target=none)","SKIP (operator=skip, target=none)",Đúng✅,,
2026年5月4日の三菱UFJ銀行の横堀様からの連絡内容を要約してください。,Vui lòng tóm tắt nội dung bức thư nhận được từ ông Yokobori của Ngân hàng Mitsubishi UFJ vào ngày 4 tháng 5 năm 2026.,"SKIP (operator=skip, target=none)","SKIP (operator=skip, target=none)",Đúng✅,,
2026年5月4日の電話で依頼された、中原凛花様への伝言内容をまとめてください。,Vui lòng tóm tắt nội dung tin nhắn cần được chuyển đến bà Rinka Nakahara qua điện thoại vào ngày 4 tháng 5 năm 2026.,"SKIP (operator=skip, target=none)","SKIP (operator=skip, target=none)",Đúng✅,,
2026年5月4日の電話をもとに、受付担当者が中原様へ伝えるべき内容を整理してください。,"Dựa trên cuộc gọi điện thoại ngày 4 tháng 5 năm 2026, vui lòng tóm tắt thông tin mà lễ tân cần truyền đạt cho bà Nakahara.","SKIP (operator=skip, target=none)","SKIP (operator=skip, target=none)",Đúng✅,,"Sai : 11/106
Đúng : 95/106"
2026年5月4日の電話で、中原様は何回言及されましたか？,Ông Nakahara đã nhắc đến bạn bao nhiêu lần trong cuộc điện thoại ngày 4 tháng 5 năm 2026?,SELECT COUNT(*) AS value FROM chunks_turn ct JOIN transcripts t ON t.id = ct.transcript_id WHERE ($1::uuid IS NULL OR t.user_id = $1::uuid) AND ($2::date IS NULL OR t.meeting_date >= $2::date) AND ($3::date IS NULL OR t.meeting_date <= $3::date) AND ($4::text IS NULL OR t.summary ILIKE '%' || $4 || '%' OR t.raw_text ILIKE '%' || $4 || '%') AND ct.text ILIKE '%中原%',"SELECT COALESCE(SUM(CASE WHEN $6::text IS NULL OR $6::text = '' THEN 0 ELSE (LENGTH(ct.text) - LENGTH(REPLACE(ct.text, $6::text, ''))) / LENGTH($6::text) END), 0)::float AS value FROM chunks_turn ct JOIN transcripts t ON ct.transcript_id = t.id WHERE ($1::uuid IS NULL OR t.user_id = $1::uuid) AND ($2::date IS NULL OR t.meeting_date >= $2::date) AND ($3::date IS NULL OR t.meeting_date <= $3::date) AND ($4::text IS NULL OR t.summary ILIKE '%' || $4 || '%' OR t.raw_text ILIKE '%' || $4 || '%') AND ($5::text IS NULL OR TRUE) AND ($6::text IS NULL OR TRUE)",Sai ❌ (Cần đếm số lần xuất hiện thực sự của từ khóa thay vì chỉ đếm số lượt phát ngôn có chứa từ khóa như hiện tại),,
2026年5月4日の電話では、銀行側と受付側のどちらが多く発言しましたか？,"Trong cuộc gọi điện thoại ngày 4 tháng 5 năm 2026, ai nói nhiều hơn, nhân viên ngân hàng hay lễ tân?",SELECT COUNT(*) AS value FROM chunks_turn ct JOIN transcripts t ON t.id = ct.transcript_id WHERE ($1::uuid IS NULL OR t.user_id = $1::uuid) AND ($2::date IS NULL OR t.meeting_date >= $2::date) AND ($3::date IS NULL OR t.meeting_date <= $3::date) AND ($4::text IS NULL OR t.summary ILIKE '%' || $4 || '%' OR t.raw_text ILIKE '%' || $4 || '%'),"SKIP (operator=skip, target=none)","Sai ❌
(Cần đếm số lượt nói của 2 người rồi so sánh, lấy người nói nhiều hơn, thay vì chỉ liệt kê như hiện tại)",,
2026年5月4日の、三菱UFJ銀行の横堀様がアセットジャパンへ中原凛花様宛ての伝言依頼を行った通話について、通話全体の時間はどのくらいでしたか？,"Liên quan đến cuộc điện thoại ngày 4 tháng 5 năm 2026, trong đó ông Yokobori của Ngân hàng Mitsubishi UFJ đã chuyển lời nhắn cho bà Rinka Nakahara của Asset Japan, tổng thời lượng cuộc gọi là bao lâu?","SELECT COALESCE(SUM(t.duration_seconds), 0) AS value FROM transcripts t WHERE ($1::uuid IS NULL OR t.user_id = $1::uuid) AND ($2::date IS NULL OR t.meeting_date >= $2::date) AND ($3::date IS NULL OR t.meeting_date <= $3::date) AND ($4::text IS NULL OR t.summary ILIKE '%' || $4 || '%' OR t.raw_text ILIKE '%' || $4 || '%')","SELECT COALESCE(SUM(t.duration_seconds), 0) AS value FROM transcripts t WHERE ($1::uuid IS NULL OR t.user_id = $1::uuid) AND ($2::date IS NULL OR t.meeting_date >= $2::date) AND ($3::date IS NULL OR t.meeting_date <= $3::date) AND ($4::text IS NULL OR t.summary ILIKE '%' || $4 || '%' OR t.raw_text ILIKE '%' || $4 || '%') AND ($5::text IS NULL OR TRUE) AND ($6::text IS NULL OR TRUE)",Đúng✅,,
2026年5月4日の、三菱UFJ銀行の横堀様がアセットジャパンへ中原凛花様宛ての伝言依頼を行った通話について、横堀様の平均発話時間はどのくらいでしたか？,"Về cuộc gọi điện thoại ngày 4 tháng 5 năm 2026, trong đó ông Yokobori của Ngân hàng Mitsubishi UFJ để lại lời nhắn cho bà Rinka Nakahara của Asset Japan, thời lượng nói chuyện trung bình của ông Yokobori là bao nhiêu?","SELECT ROUND(AVG(ct.time_end_sec - ct.time_start_sec)::numeric, 2) AS value FROM chunks_turn ct JOIN transcripts t ON t.id = ct.transcript_id WHERE ($1::uuid IS NULL OR t.user_id = $1::uuid) AND ($2::date IS NULL OR t.meeting_date >= $2::date) AND ($3::date IS NULL OR t.meeting_date <= $3::date) AND ($4::text IS NULL OR t.summary ILIKE '%' || $4 || '%' OR t.raw_text ILIKE '%' || $4 || '%') AND ct.speaker = '横堀様'","SELECT COALESCE(AVG(ct.time_end_sec - ct.time_start_sec), 0)::float AS value FROM chunks_turn ct JOIN transcripts t ON ct.transcript_id = t.id WHERE (ct.speaker = $5::text OR ct.speaker = (SELECT speaker FROM chunks_turn ct2 JOIN transcripts t2 ON ct2.transcript_id = t2.id WHERE ct2.text ILIKE '%' || $5::text || '%' AND ($1::uuid IS NULL OR t2.user_id = $1::uuid) AND ($2::date IS NULL OR t2.meeting_date >= $2::date) AND ($3::date IS NULL OR t2.meeting_date <= $3::date) LIMIT 1)) AND ($1::uuid IS NULL OR t.user_id = $1::uuid) AND ($2::date IS NULL OR t.meeting_date >= $2::date) AND ($3::date IS NULL OR t.meeting_date <= $3::date) AND ($4::text IS NULL OR t.summary ILIKE '%' || $4 || '%' OR t.raw_text ILIKE '%' || $4 || '%') AND ($5::text IS NULL OR TRUE) AND ($6::text IS NULL OR TRUE)",Đúng✅,,
2026年5月4日の、三菱UFJ銀行の横堀様がアセットジャパンへ中原凛花様宛ての伝言依頼を行った通話の中で、最も長い発言を行った参加者は誰ですか？あわせて該当する発言内容とMeeting IDを教えてください。,"Trong cuộc gọi điện thoại ngày 4 tháng 5 năm 2026, khi ông Yokobori của Ngân hàng Mitsubishi UFJ chuyển lời nhắn cho bà Rinka Nakahara của Asset Japan, ai là người nói lâu nhất? Vui lòng cung cấp nội dung cuộc gọi và mã số cuộc họp.","SELECT ct.speaker AS value, MAX(ct.time_end_sec - ct.time_start_sec) AS duration FROM chunks_turn ct JOIN transcripts t ON t.id = ct.transcript_id WHERE ($1::uuid IS NULL OR t.user_id = $1::uuid) AND ($2::date IS NULL OR t.meeting_date >= $2::date) AND ($3::date IS NULL OR t.meeting_date <= $3::date) AND ($4::text IS NULL OR t.summary ILIKE '%' || $4 || '%' OR t.raw_text ILIKE '%' || $4 || '%') GROUP BY ct.speaker ORDER BY duration DESC LIMIT 1","SKIP (operator=skip, target=none)","Sai ❌ 
(Chỉ mới đưa ra người nói với thời gian dài nhất, thiếu text và meeting ID)",,
2026年5月4日の、三菱UFJ銀行の横堀様がアセットジャパンへ中原凛花様宛ての伝言依頼を行った通話の中で、最も短い発言を行った参加者は誰ですか？あわせて該当する発言内容とMeeting IDを教えてください。,"Trong cuộc gọi điện thoại ngày 4 tháng 5 năm 2026, khi ông Yokobori của Ngân hàng Mitsubishi UFJ chuyển lời nhắn cho bà Rinka Nakahara của Asset Japan, ai là người tham gia đã đưa ra lời phát biểu ngắn gọn nhất? Vui lòng cung cấp nội dung của lời phát biểu đó và Mã số cuộc họp.","SELECT ct.speaker AS value, MIN(ct.time_end_sec - ct.time_start_sec) AS duration FROM chunks_turn ct JOIN transcripts t ON t.id = ct.transcript_id WHERE ($1::uuid IS NULL OR t.user_id = $1::uuid) AND ($2::date IS NULL OR t.meeting_date >= $2::date) AND ($3::date IS NULL OR t.meeting_date <= $3::date) AND ($4::text IS NULL OR t.summary ILIKE '%' || $4 || '%' OR t.raw_text ILIKE '%' || $4 || '%') GROUP BY ct.speaker ORDER BY duration ASC LIMIT 1","SKIP (operator=skip, target=none)","Sai ❌ 
(Chỉ mới đưa ra người nói với thời gian ngắn nhất, thiếu text và meeting ID)",,
2026年5月4日の、三菱UFJ銀行の横堀様がアセットジャパンへ中原凛花様宛ての伝言依頼を行った通話について、発言者は何人いましたか？また、それぞれの発話回数を集計したうえで、この通話で確認・調整された内容を要約してください。,"Về cuộc điện thoại ngày 4 tháng 5 năm 2026, trong đó ông Yokobori của Ngân hàng Mitsubishi UFJ chuyển lời nhắn đến bà Rinka Nakahara của Asset Japan, có bao nhiêu người tham gia? Hơn nữa, vui lòng tóm tắt nội dung đã được xác nhận và điều chỉnh trong cuộc gọi này, dựa trên số lần mỗi người phát biểu.","SKIP (operator=skip, target=none)","SKIP (operator=skip, target=none)",Đúng✅,,
2026年5月4日の三菱UFJ銀行の横堀様からの通話について教えてください。,Xin hãy cho tôi biết về cuộc gọi điện thoại mà tôi nhận được từ ông Yokobori của Ngân hàng Mitsubishi UFJ vào ngày 4 tháng 5 năm 2026.,"SKIP (operator=skip, target=none)","SKIP (operator=skip, target=none)",Đúng✅,,
2026年5月1日から5月6日までの三菱UFJ銀行との通話履歴をすべて表示してください。,Vui lòng hiển thị toàn bộ lịch sử cuộc gọi với Ngân hàng Mitsubishi UFJ từ ngày 1 tháng 5 đến ngày 6 tháng 5 năm 2026.,"SKIP (operator=skip, target=none)","SKIP (operator=skip, target=none)",Đúng✅,,
最近の通話の中で、三菱UFJ銀行の横堀様から中原様宛ての連絡はありましたか？,"Trong những cuộc điện thoại gần đây, ông Nakahara có nhận được tin nhắn nào từ ông Yokobori của Ngân hàng Mitsubishi UFJ gửi cho ông không?",SELECT COUNT(*) AS value FROM chunks_turn ct JOIN transcripts t ON t.id = ct.transcript_id WHERE ($1::uuid IS NULL OR t.user_id = $1::uuid) AND ($2::date IS NULL OR t.meeting_date >= $2::date) AND ($3::date IS NULL OR t.meeting_date <= $3::date) AND ($4::text IS NULL OR t.summary ILIKE '%' || $4 || '%' OR t.raw_text ILIKE '%' || $4 || '%') AND ct.text ILIKE '%中原様%',"SKIP (operator=skip, target=none)","Sai ❌ 
(SQL hiện tại chỉ kiểm tra ct.text ILIKE '%中原様%', nên nó đếm mọi turn nhắc đến “Nakahara” mà không đảm bảo đó là liên lạc từ Yokobori/MUFG gửi cho Nakahara.)",,
2026年5月4日の電話で、横堀様が銀行の受付時間について説明したのは通話の何分頃ですか？,"Trong cuộc gọi điện thoại ngày 4 tháng 5 năm 2026, ông Yokobori đã giải thích về giờ hoạt động của ngân hàng vào thời điểm nào?","SKIP (operator=skip, target=none)","SKIP (operator=skip, target=none)",Đúng✅,,
2026年5月4日の中原凛花様宛ての銀行からの伝言依頼のようなケースにおいて、社員が休みの場合の外部からの伝言受付や折り返し連絡に関する社内ルールを教えてください。,"Trong trường hợp như yêu cầu nhắn tin từ ngân hàng gửi đến bà Rinka Nakahara ngày 4 tháng 5 năm 2026, vui lòng giải thích các quy định nội bộ của công ty về việc nhận tin nhắn từ bên ngoài và gọi lại khi nhân viên đang nghỉ phép.","SKIP (operator=skip, target=none)","SKIP (operator=skip, target=none)",Đúng✅,,
2026年5月4日の三菱UFJ銀行からの連絡のように、休みの社員宛てに外部から伝言依頼があった場合の対応フローを教えてください。,"Vui lòng giải thích quy trình xử lý các yêu cầu chuyển tiếp tin nhắn từ nguồn bên ngoài đến nhân viên đang nghỉ phép, như ví dụ từ Ngân hàng Mitsubishi UFJ ngày 4 tháng 5 năm 2026.","SKIP (operator=skip, target=none)","SKIP (operator=skip, target=none)",Đúng✅,,
2026年5月4日の電話で言及された中原凛花様のようなアルバイトスタッフについて、弊社における定義および勤務管理基準を教えてください。,"Về nhân viên bán thời gian như cô Rinka Nakahara, người được nhắc đến trong cuộc điện thoại ngày 4 tháng 5 năm 2026, xin vui lòng giải thích định nghĩa và tiêu chuẩn quản lý công việc của công ty chúng ta đối với loại nhân viên này?","SKIP (operator=skip, target=none)","SKIP (operator=skip, target=none)",Đúng✅,,
2026年5月4日の電話に関連して、登録されている中原凛花様および三菱UFJ銀行の横堀様の連絡先情報を教えてください。,"Về cuộc gọi điện thoại ngày 4 tháng 5 năm 2026, vui lòng cung cấp thông tin liên lạc của bà Rinka Nakahara và ông Yokobori thuộc Ngân hàng Mitsubishi UFJ, vì họ có tên trong danh bạ điện thoại.","SKIP (operator=skip, target=none)","SKIP (operator=skip, target=none)",Đúng✅,,
2026年5月4日のようなアルバイトスタッフ不在時の外部からの伝言依頼について、対応ルールは業務マニュアルのどの章・条項に記載されていますか？,"Đối với các yêu cầu gửi tin nhắn ra bên ngoài khi nhân viên bán thời gian vắng mặt, ví dụ như vào ngày 4 tháng 5 năm 2026, chương hoặc phần nào trong sổ tay hướng dẫn vận hành quy định các quy tắc xử lý những yêu cầu như vậy?","SKIP (operator=skip, target=none)","SKIP (operator=skip, target=none)",Đúng✅,,
2026年5月5日に行われた株式会社サカモトとアセットジャパンのクマガイ様との電話では、来週のどの打ち合わせについて話し合っていましたか？,"Trong cuộc điện thoại giữa Công ty TNHH Sakamoto và ông Kumagai của Asset Japan vào ngày 5 tháng 5 năm 2026, cuộc họp nào sẽ diễn ra vào tuần tới?","SKIP (operator=skip, target=none)","SKIP (operator=skip, target=none)",Đúng✅,,
2026年5月5日の打ち合わせ日程調整の電話で、14日水曜日の打ち合わせ日時について最終的にどのような決定がされましたか？,"Trong cuộc gọi điện thoại để lên lịch cuộc họp vào ngày 5 tháng 5 năm 2026, quyết định cuối cùng được đưa ra về ngày giờ họp vào thứ Tư, ngày 14 tháng 5 là gì?","SKIP (operator=skip, target=none)","SKIP (operator=skip, target=none)",Đúng✅,,
2026年5月5日の電話で、クマガイ様は打ち合わせの日程についてどのような提案や依頼をしましたか？,"Trong cuộc gọi điện thoại ngày 5 tháng 5 năm 2026, ông/bà Kumagai đã đưa ra những đề xuất hoặc yêu cầu nào liên quan đến lịch họp?","SKIP (operator=skip, target=none)","SKIP (operator=skip, target=none)",Đúng✅,,
2026年5月5日の電話で、クマガイ様が提案した14日水曜日10時開始の打ち合わせに対して、サカモト様は反対や異議を述べましたか？,"Trong cuộc điện thoại ngày 5 tháng 5 năm 2026, ông Sakamoto có bày tỏ bất kỳ sự phản đối hay ý kiến ​​gì về cuộc họp do ông Kumagai đề xuất, dự kiến ​​diễn ra vào thứ Tư, ngày 14 tháng 5, lúc 10:00 sáng không?","SKIP (operator=skip, target=none)","SKIP (operator=skip, target=none)",Đúng✅,,
2026年5月5日の打ち合わせ日程調整の電話で、問題点や懸念事項は挙げられましたか？,"Trong cuộc gọi điện thoại để lên lịch cuộc họp vào ngày 5 tháng 5 năm 2026, có vấn đề hoặc mối lo ngại nào được nêu ra không?","SKIP (operator=skip, target=none)","SKIP (operator=skip, target=none)",Đúng✅,,
2026年5月5日の電話で、クマガイ様は先ほど話していた来週の打ち合わせについてどのような状況説明をしましたか？,"Trong cuộc điện thoại ngày 5 tháng 5 năm 2026, ông Kumagai đã giải thích về tình huống liên quan đến cuộc họp dự kiến ​​diễn ra vào tuần tới mà chúng ta vừa thảo luận như thế nào?","SKIP (operator=skip, target=none)","SKIP (operator=skip, target=none)",Đúng✅,,
2026年5月5日の電話後、サカモト様はどの日時に訪問することを約束しましたか？,"Sau cuộc gọi điện thoại ngày 5 tháng 5 năm 2026, ông/bà Sakamoto đã đồng ý đến thăm vào ngày và giờ nào?","SKIP (operator=skip, target=none)","SKIP (operator=skip, target=none)",Đúng✅,,
2026年5月5日の電話終了時点で、まだ確認されていない事項や未解決の事項はありますか？,"Tính đến thời điểm kết thúc cuộc gọi điện thoại ngày 5 tháng 5 năm 2026, còn vấn đề nào chưa được xác nhận hoặc giải quyết không?","SKIP (operator=skip, target=none)","SKIP (operator=skip, target=none)",Đúng✅,,
2026年5月5日の電話で、クマガイ様は打ち合わせの日程についてどのような説明や依頼を行いましたか？,"Trong cuộc điện thoại ngày 5 tháng 5 năm 2026, ông Kumagai đã đưa ra những lời giải thích hoặc yêu cầu gì liên quan đến lịch họp?","SKIP (operator=skip, target=none)","SKIP (operator=skip, target=none)",Đúng✅,,
2026年5月5日の電話で、クマガイ様とサカモト様は14日水曜日10時の打ち合わせについてどのようなやり取りをしましたか？,"Trong cuộc điện thoại ngày 5 tháng 5 năm 2026, ông Kumagai và ông Sakamoto đã thảo luận điều gì về cuộc họp dự kiến ​​diễn ra vào thứ Tư, ngày 14 tháng 5 lúc 10:00 sáng?","SKIP (operator=skip, target=none)","SKIP (operator=skip, target=none)",Đúng✅,,
2026年5月5日の電話で、「じゃあ14日水曜日の10時ですね。に、お伺いさせていただきますので。」と発言したのは誰ですか？,"Ai đã nói, ""Được rồi, vậy thì tôi sẽ đến thăm bạn vào thứ Tư ngày 14 lúc 10 giờ sáng,"" trong cuộc gọi điện thoại ngày 5 tháng 5 năm 2026?","SKIP (operator=skip, target=none)","SKIP (operator=skip, target=none)",Đúng✅,,
2026年5月5日の打ち合わせ日程調整の電話には誰が参加しており、それぞれの所属会社と役割は何でしたか？,Những ai đã tham gia cuộc gọi điện thoại để lên lịch cuộc họp vào ngày 5 tháng 5 năm 2026? Họ thuộc công ty nào và giữ vai trò gì?,"SKIP (operator=skip, target=none)","SKIP (operator=skip, target=none)",Đúng✅,,
2026年5月5日に行われた株式会社サカモトとアセットジャパンとの打ち合わせ日程調整の電話内容を要約してください。,Vui lòng tóm tắt nội dung cuộc điện thoại diễn ra ngày 5 tháng 5 năm 2026 giữa Công ty TNHH Sakamoto và Asset Japan để lên lịch cuộc họp.,"SKIP (operator=skip, target=none)","SKIP (operator=skip, target=none)",Đúng✅,,
2026年5月5日の電話で、打ち合わせの日程は最終的にどのように決まりましたか？,Ngày họp cuối cùng được quyết định như thế nào trong cuộc điện thoại ngày 5 tháng 5 năm 2026?,"SKIP (operator=skip, target=none)","SKIP (operator=skip, target=none)",Đúng✅,,
2026年5月5日の電話で決定した来週の打ち合わせ内容をまとめてください。,"Vui lòng tóm tắt chi tiết cuộc họp tuần tới, những nội dung đã được quyết định trong cuộc điện thoại của chúng ta vào ngày 5 tháng 5 năm 2026.","SKIP (operator=skip, target=none)","SKIP (operator=skip, target=none)",Đúng✅,,
2026年5月5日の電話で確認された打ち合わせ情報を整理してください。,Vui lòng tóm tắt thông tin cuộc họp đã được xác nhận qua điện thoại vào ngày 5 tháng 5 năm 2026.,"SKIP (operator=skip, target=none)","SKIP (operator=skip, target=none)",Đúng✅,,
2026年5月5日の電話で、サカモト様は会話の中で何回言及されましたか？,Ông Sakamoto được nhắc đến bao nhiêu lần trong cuộc điện thoại ngày 5 tháng 5 năm 2026?,SELECT COUNT(*) AS value FROM chunks_turn ct JOIN transcripts t ON t.id = ct.transcript_id WHERE ($1::uuid IS NULL OR t.user_id = $1::uuid) AND ($2::date IS NULL OR t.meeting_date >= $2::date) AND ($3::date IS NULL OR t.meeting_date <= $3::date) AND ($4::text IS NULL OR t.summary ILIKE '%' || $4 || '%' OR t.raw_text ILIKE '%' || $4 || '%') AND ct.text ILIKE '%サカモト様%',"SELECT COALESCE(SUM(CASE WHEN $6::text IS NULL OR $6::text = '' THEN 0 ELSE (LENGTH(ct.text) - LENGTH(REPLACE(ct.text, $6::text, ''))) / LENGTH($6::text) END), 0)::float AS value FROM chunks_turn ct JOIN transcripts t ON ct.transcript_id = t.id WHERE ($1::uuid IS NULL OR t.user_id = $1::uuid) AND ($2::date IS NULL OR t.meeting_date >= $2::date) AND ($3::date IS NULL OR t.meeting_date <= $3::date) AND ($4::text IS NULL OR t.summary ILIKE '%' || $4 || '%' OR t.raw_text ILIKE '%' || $4 || '%') AND ($5::text IS NULL OR TRUE) AND ($6::text IS NULL OR TRUE)",Sai ❌ (Cần đếm số lần xuất hiện thực sự của từ khóa thay vì chỉ đếm số lượt phát ngôn có chứa từ khóa như hiện tại),,
2026年5月5日の打ち合わせ日程調整の通話時間はどのくらいでしたか？,Cuộc gọi điện thoại để lên lịch cuộc họp vào ngày 5 tháng 5 năm 2026 kéo dài bao lâu?,"SELECT COALESCE(SUM(t.duration_seconds), 0) AS value FROM transcripts t WHERE ($1::uuid IS NULL OR t.user_id = $1::uuid) AND ($2::date IS NULL OR t.meeting_date >= $2::date) AND ($3::date IS NULL OR t.meeting_date <= $3::date) AND ($4::text IS NULL OR t.summary ILIKE '%' || $4 || '%' OR t.raw_text ILIKE '%' || $4 || '%')","SELECT COALESCE(SUM(t.duration_seconds), 0) AS value FROM transcripts t WHERE ($1::uuid IS NULL OR t.user_id = $1::uuid) AND ($2::date IS NULL OR t.meeting_date >= $2::date) AND ($3::date IS NULL OR t.meeting_date <= $3::date) AND ($4::text IS NULL OR t.summary ILIKE '%' || $4 || '%' OR t.raw_text ILIKE '%' || $4 || '%') AND ($5::text IS NULL OR TRUE) AND ($6::text IS NULL OR TRUE)",Đúng✅,,
2026年5月5日の電話におけるサカモト様の平均発話時間はどのくらいですか？,Thời lượng nói chuyện trung bình của ông/bà Sakamoto trong các cuộc gọi điện thoại vào ngày 5 tháng 5 năm 2026 là bao nhiêu?,"SELECT ROUND(AVG(ct.time_end_sec - ct.time_start_sec)::numeric, 2) AS value FROM chunks_turn ct JOIN transcripts t ON t.id = ct.transcript_id WHERE ($1::uuid IS NULL OR t.user_id = $1::uuid) AND ($2::date IS NULL OR t.meeting_date >= $2::date) AND ($3::date IS NULL OR t.meeting_date <= $3::date) AND ($4::text IS NULL OR t.summary ILIKE '%' || $4 || '%' OR t.raw_text ILIKE '%' || $4 || '%') AND ct.speaker = 'サカモト様'","SELECT COALESCE(AVG(ct.time_end_sec - ct.time_start_sec), 0)::float AS value FROM chunks_turn ct JOIN transcripts t ON ct.transcript_id = t.id WHERE (ct.speaker = $5::text OR ct.speaker = (SELECT speaker FROM chunks_turn ct2 JOIN transcripts t2 ON ct2.transcript_id = t2.id WHERE ct2.text ILIKE '%' || $5::text || '%' AND ($1::uuid IS NULL OR t2.user_id = $1::uuid) AND ($2::date IS NULL OR t2.meeting_date >= $2::date) AND ($3::date IS NULL OR t2.meeting_date <= $3::date) LIMIT 1)) AND ($1::uuid IS NULL OR t.user_id = $1::uuid) AND ($2::date IS NULL OR t.meeting_date >= $2::date) AND ($3::date IS NULL OR t.meeting_date <= $3::date) AND ($4::text IS NULL OR t.summary ILIKE '%' || $4 || '%' OR t.raw_text ILIKE '%' || $4 || '%') AND ($5::text IS NULL OR TRUE) AND ($6::text IS NULL OR TRUE)",Đúng✅,,
2026年5月5日の電話で最も長い発言は誰の発言でしたか？,Ai là người đưa ra phát biểu dài nhất trong cuộc gọi điện thoại ngày 5 tháng 5 năm 2026?,"SELECT ct.speaker AS value, MAX(ct.time_end_sec - ct.time_start_sec) AS duration FROM chunks_turn ct JOIN transcripts t ON t.id = ct.transcript_id WHERE ($1::uuid IS NULL OR t.user_id = $1::uuid) AND ($2::date IS NULL OR t.meeting_date >= $2::date) AND ($3::date IS NULL OR t.meeting_date <= $3::date) AND ($4::text IS NULL OR t.summary ILIKE '%' || $4 || '%' OR t.raw_text ILIKE '%' || $4 || '%') GROUP BY ct.speaker ORDER BY duration DESC LIMIT 1","SKIP (operator=skip, target=none)",Đúng✅,,
2026年5月5日の電話で最も短い発言は誰の発言でしたか？,Ai là người đưa ra câu trả lời ngắn gọn nhất trong cuộc gọi điện thoại ngày 5 tháng 5 năm 2026?,"SELECT ct.speaker AS value, MIN(ct.time_end_sec - ct.time_start_sec) AS duration FROM chunks_turn ct JOIN transcripts t ON t.id = ct.transcript_id WHERE ($1::uuid IS NULL OR t.user_id = $1::uuid) AND ($2::date IS NULL OR t.meeting_date >= $2::date) AND ($3::date IS NULL OR t.meeting_date <= $3::date) AND ($4::text IS NULL OR t.summary ILIKE '%' || $4 || '%' OR t.raw_text ILIKE '%' || $4 || '%') GROUP BY ct.speaker ORDER BY duration ASC LIMIT 1","SKIP (operator=skip, target=none)",Đúng✅,,
2026年5月5日の電話でクマガイ様は何回発言しましたか？,Ông/bà Kumagai đã nói bao nhiêu lần trong cuộc gọi điện thoại ngày 5 tháng 5 năm 2026?,SELECT COUNT(*) AS value FROM chunks_turn ct JOIN transcripts t ON t.id = ct.transcript_id WHERE ($1::uuid IS NULL OR t.user_id = $1::uuid) AND ($2::date IS NULL OR t.meeting_date >= $2::date) AND ($3::date IS NULL OR t.meeting_date <= $3::date) AND ($4::text IS NULL OR t.summary ILIKE '%' || $4 || '%' OR t.raw_text ILIKE '%' || $4 || '%') AND ct.speaker = 'クマガイ様',SELECT COUNT(*)::float AS value FROM chunks_turn ct JOIN transcripts t ON ct.transcript_id = t.id WHERE (ct.speaker = $5::text OR ct.speaker = (SELECT speaker FROM chunks_turn ct2 JOIN transcripts t2 ON ct2.transcript_id = t2.id WHERE ct2.text ILIKE '%' || $5::text || '%' AND ($1::uuid IS NULL OR t2.user_id = $1::uuid) AND ($2::date IS NULL OR t2.meeting_date >= $2::date) AND ($3::date IS NULL OR t2.meeting_date <= $3::date) LIMIT 1)) AND ($1::uuid IS NULL OR t.user_id = $1::uuid) AND ($2::date IS NULL OR t.meeting_date >= $2::date) AND ($3::date IS NULL OR t.meeting_date <= $3::date) AND ($4::text IS NULL OR t.summary ILIKE '%' || $4 || '%' OR t.raw_text ILIKE '%' || $4 || '%') AND ($5::text IS NULL OR TRUE) AND ($6::text IS NULL OR TRUE),Đúng✅,,
2026年5月5日の電話で最も多く発言したのは誰ですか？,Ai là người nói nhiều nhất trong cuộc gọi điện thoại ngày 5 tháng 5 năm 2026?,"SELECT ct.speaker AS value, COUNT(*) AS turn_count FROM chunks_turn ct JOIN transcripts t ON t.id = ct.transcript_id WHERE ($1::uuid IS NULL OR t.user_id = $1::uuid) AND ($2::date IS NULL OR t.meeting_date >= $2::date) AND ($3::date IS NULL OR t.meeting_date <= $3::date) AND ($4::text IS NULL OR t.summary ILIKE '%' || $4 || '%' OR t.raw_text ILIKE '%' || $4 || '%') GROUP BY ct.speaker ORDER BY turn_count DESC LIMIT 1","SKIP (operator=skip, target=none)",Đúng✅,,
2026年5月5日の電話では何人が発言し、何について確認していましたか？,"Có bao nhiêu người tham gia cuộc gọi điện thoại vào ngày 5 tháng 5 năm 2026, và họ đang xác nhận điều gì?","SKIP (operator=skip, target=none)","SKIP (operator=skip, target=none)",Đúng✅,,
2026年5月5日のサカモト様からの通話について教えてください。,Hãy cho tôi biết về cuộc gọi điện thoại mà bạn nhận được từ ông/bà Sakamoto vào ngày 5 tháng 5 năm 2026.,"SKIP (operator=skip, target=none)","SKIP (operator=skip, target=none)",Đúng✅,,
2026年5月1日から5月7日までのサカモト様との通話履歴をすべて表示してください。,Vui lòng hiển thị toàn bộ lịch sử cuộc gọi với ông/bà Sakamoto từ ngày 1 tháng 5 đến ngày 7 tháng 5 năm 2026.,"SKIP (operator=skip, target=none)","SKIP (operator=skip, target=none)",Đúng✅,,
最近の通話の中で、サカモト様から打ち合わせの日程調整に関する連絡はありましたか？,"Trong cuộc gọi điện thoại gần đây, ông Sakamoto có liên hệ với bạn để lên lịch một cuộc họp không?","SKIP (operator=skip, target=none)","SKIP (operator=skip, target=none)",Đúng✅,,
2026年5月5日の電話で、クマガイ様が14日水曜日10時からの打ち合わせを提案したのは通話の何分頃ですか？,"Trong cuộc gọi điện thoại ngày 5 tháng 5 năm 2026, ông Kumagai đã đề nghị gặp mặt vào thứ Tư, ngày 14 tháng 5 lúc 10:00 sáng vào thời điểm nào?","SKIP (operator=skip, target=none)","SKIP (operator=skip, target=none)",Đúng✅,,
2026年5月5日のような取引先との打ち合わせ日程調整において、日程提案・確定・変更に関する社内ルールを教えてください。,"Vui lòng cho tôi biết các quy định nội bộ của công ty bạn về việc lên lịch họp với các đối tác kinh doanh, chẳng hạn như cuộc họp dự kiến ​​vào ngày 5 tháng 5 năm 2026, bao gồm cách đề xuất, xác nhận và thay đổi ngày họp.","SKIP (operator=skip, target=none)","SKIP (operator=skip, target=none)",Đúng✅,,
2026年5月5日の電話のように社外担当者との打ち合わせを調整する場合、アポイント確定までの対応フローを教えてください。,"Khi lên lịch cuộc họp với người liên hệ bên ngoài, chẳng hạn như cuộc gọi điện thoại vào ngày 5 tháng 5 năm 2026, vui lòng giải thích quy trình xác nhận cuộc hẹn.","SKIP (operator=skip, target=none)","SKIP (operator=skip, target=none)",Đúng✅,,
2026年5月5日の電話で調整されていた「お打ち合わせ」について、弊社における定義および実施基準を教えてください。,"Về cuộc ""họp"" đã được lên lịch qua điện thoại vào ngày 5 tháng 5 năm 2026, xin vui lòng giải thích định nghĩa và tiêu chuẩn thực hiện của công ty chúng tôi?","SKIP (operator=skip, target=none)","SKIP (operator=skip, target=none)",Đúng✅,,
2026年5月5日の打ち合わせ調整の電話に関連して、アセットジャパンのクマガイ様およびサカモト様の登録連絡先情報を教えてください。,"Về cuộc gọi điện thoại để lên lịch cuộc họp vào ngày 5 tháng 5 năm 2026, vui lòng cung cấp thông tin liên lạc đã đăng ký của ông Kumagai và ông Sakamoto của Asset Japan?","SKIP (operator=skip, target=none)","SKIP (operator=skip, target=none)",Đúng✅,,
2026年5月5日のような社外取引先との打ち合わせ調整について、関連する規定は業務マニュアルのどの章・条項に記載されていますか？,"Về việc lên lịch các cuộc họp với các đối tác kinh doanh bên ngoài, chẳng hạn như cuộc họp dự kiến ​​vào ngày 5 tháng 5 năm 2026, chương hoặc phần nào trong sổ tay hướng dẫn vận hành có chứa các quy định liên quan?","SKIP (operator=skip, target=none)","SKIP (operator=skip, target=none)",Đúng✅,,
2026年5月6日にAJテクノロジーズの山下様が建設のエスタへ電話した際、誰について確認するために連絡しましたか？,"Khi ông Yamashita từ AJ Technologies gọi cho ESTA Construction vào ngày 6 tháng 5 năm 2026, ông ấy đã liên hệ với ai để xác nhận thông tin?","SKIP (operator=skip, target=none)","SKIP (operator=skip, target=none)",Đúng✅,,
2026年5月6日の電話で、カセ様が外出中であることが分かった後、どのような対応方針が決まりましたか？,"Sau khi biết tin ông Kase đã thôi việc qua điện thoại vào ngày 6 tháng 5 năm 2026, hướng hành động tiếp theo đã được quyết định như thế nào?","SKIP (operator=skip, target=none)","SKIP (operator=skip, target=none)",Đúng✅,,
2026年5月6日の電話で、山下様はカセ様と連絡を取るためにどのような申し出をしましたか？,Ông Yamashita đã đề nghị liên lạc với ông Kase như thế nào trong cuộc điện thoại ngày 6 tháng 5 năm 2026?,"SKIP (operator=skip, target=none)","SKIP (operator=skip, target=none)",Đúng✅,,
2026年5月6日の電話で、カセ様への連絡方法について建設のエスタ側が反対や拒否をした内容はありましたか？,"Trong cuộc gọi điện thoại ngày 6 tháng 5 năm 2026, công ty ESTA Construction có phản đối hay từ chối bất kỳ phương thức liên lạc nào được sử dụng với ông Kase không?","SKIP (operator=skip, target=none)","SKIP (operator=skip, target=none)",Đúng✅,,
2026年5月6日のAJテクノロジーズからの電話で共有された問題点や連絡上の障害は何でしたか？,Những vấn đề hoặc trục trặc giao tiếp nào đã được chia sẻ trong cuộc gọi điện thoại từ AJ Technologies vào ngày 6 tháng 5 năm 2026?,"SKIP (operator=skip, target=none)","SKIP (operator=skip, target=none)",Đúng✅,,
2026年5月6日の電話で、建設のエスタ側はカセ様の現在の状況についてどのように説明しましたか？,"Trong cuộc điện thoại ngày 6 tháng 5 năm 2026, công ty xây dựng ESTA đã giải thích tình hình hiện tại của ông Kase như thế nào?","SKIP (operator=skip, target=none)","SKIP (operator=skip, target=none)",Đúng✅,,
2026年5月6日の電話後、山下様はどのような行動を取る予定になっていますか？,Ông Yamashita dự định sẽ có những hành động gì sau cuộc điện thoại ngày 6 tháng 5 năm 2026?,"SKIP (operator=skip, target=none)","SKIP (operator=skip, target=none)",Đúng✅,,
2026年5月6日の電話終了時点で、まだ確認できていない事項や未解決の事項は何ですか？,"Tính đến thời điểm kết thúc cuộc gọi điện thoại ngày 6 tháng 5 năm 2026, còn vấn đề nào chưa được xác nhận hoặc giải quyết không?","SKIP (operator=skip, target=none)","SKIP (operator=skip, target=none)",Đúng✅,,
2026年5月6日の電話で、AJテクノロジーズの山下様はどのような依頼や説明をしましたか？,Ông Yamashita từ AJ Technologies đã đưa ra những yêu cầu hoặc giải thích gì trong cuộc điện thoại ngày 6 tháng 5 năm 2026?,"SKIP (operator=skip, target=none)","SKIP (operator=skip, target=none)",Đúng✅,,
2026年5月6日の電話で、山下様と建設のエスタ担当者はカセ様の所在についてどのようなやり取りをしましたか？,Cuộc trao đổi giữa ông Yamashita và đại diện công ty xây dựng ESTA về tung tích của ông Kase trong cuộc điện thoại ngày 6 tháng 5 năm 2026 diễn ra như thế nào?,"SKIP (operator=skip, target=none)","SKIP (operator=skip, target=none)",Đúng✅,,
2026年5月6日の電話で、「じゃあまた改めてご連絡させていただきます」と発言したのは誰ですか？,"Ai đã nói ""Tôi sẽ liên lạc lại với bạn sau"" trong cuộc gọi điện thoại ngày 6 tháng 5 năm 2026?","SKIP (operator=skip, target=none)","SKIP (operator=skip, target=none)",Đúng✅,,
2026年5月6日のAJテクノロジーズと建設のエスタとの電話には誰が参加しており、それぞれの会社名と役割は何ですか？,"Những ai đã tham gia cuộc gọi điện thoại giữa AJ Technologies và Construction ESTA vào ngày 6 tháng 5 năm 2026, và tên công ty cũng như vai trò của họ là gì?","SKIP (operator=skip, target=none)","SKIP (operator=skip, target=none)",Đúng✅,,
2026年5月6日にAJテクノロジーズの山下様は何のために電話をかけましたか？,Tại sao ông Yamashita từ AJ Technologies lại gọi cho bạn vào ngày 6 tháng 5 năm 2026?,"SKIP (operator=skip, target=none)","SKIP (operator=skip, target=none)",Đúng✅,,
2026年5月6日のカセ様在席確認に関する電話の目的と結果をまとめてください。,Vui lòng tóm tắt mục đích và kết quả của cuộc gọi điện thoại được thực hiện vào ngày 6 tháng 5 năm 2026 để xác nhận sự có mặt của ông Kase.,"SKIP (operator=skip, target=none)","SKIP (operator=skip, target=none)",Đúng✅,,
2026年5月6日の電話におけるカセ様に関するやり取りを要約してください。,Vui lòng tóm tắt cuộc trò chuyện liên quan đến ông Kase trong cuộc gọi điện thoại ngày 6 tháng 5 năm 2026.,"SKIP (operator=skip, target=none)","SKIP (operator=skip, target=none)",Đúng✅,,
2026年5月6日の電話で、改めて連絡することになった経緯を説明してください。,Vui lòng giải thích những tình huống dẫn đến cuộc gọi điện thoại này vào ngày 6 tháng 5 năm 2026.,"SKIP (operator=skip, target=none)","SKIP (operator=skip, target=none)",Đúng✅,,
2026年5月6日の電話で、カセ様の名前は何回言及されましたか？,"Trong cuộc gọi điện thoại ngày 6 tháng 5 năm 2026, tên của ông Kase được nhắc đến bao nhiêu lần?",SELECT COUNT(*) AS value FROM chunks_turn ct JOIN transcripts t ON t.id = ct.transcript_id WHERE ($1::uuid IS NULL OR t.user_id = $1::uuid) AND ($2::date IS NULL OR t.meeting_date >= $2::date) AND ($3::date IS NULL OR t.meeting_date <= $3::date) AND ($4::text IS NULL OR t.summary ILIKE '%' || $4 || '%' OR t.raw_text ILIKE '%' || $4 || '%') AND ct.text ILIKE '%カセ様%',"SELECT COALESCE(SUM(CASE WHEN $6::text IS NULL OR $6::text = '' THEN 0 ELSE (LENGTH(ct.text) - LENGTH(REPLACE(ct.text, $6::text, ''))) / LENGTH($6::text) END), 0)::float AS value FROM chunks_turn ct JOIN transcripts t ON ct.transcript_id = t.id WHERE ($1::uuid IS NULL OR t.user_id = $1::uuid) AND ($2::date IS NULL OR t.meeting_date >= $2::date) AND ($3::date IS NULL OR t.meeting_date <= $3::date) AND ($4::text IS NULL OR t.summary ILIKE '%' || $4 || '%' OR t.raw_text ILIKE '%' || $4 || '%') AND ($5::text IS NULL OR TRUE) AND ($6::text IS NULL OR TRUE)",Sai ❌ (Cần đếm số lần xuất hiện thực sự của từ khóa thay vì chỉ đếm số lượt phát ngôn có chứa từ khóa như hiện tại),,
2026年5月6日の通話時間はどのくらいでしたか？,Cuộc gọi điện thoại của bạn vào ngày 6 tháng 5 năm 2026 kéo dài bao lâu?,"SELECT COALESCE(SUM(t.duration_seconds), 0) AS value FROM transcripts t WHERE ($1::uuid IS NULL OR t.user_id = $1::uuid) AND ($2::date IS NULL OR t.meeting_date >= $2::date) AND ($3::date IS NULL OR t.meeting_date <= $3::date) AND ($4::text IS NULL OR t.summary ILIKE '%' || $4 || '%' OR t.raw_text ILIKE '%' || $4 || '%')","SELECT COALESCE(SUM(t.duration_seconds), 0) AS value FROM transcripts t WHERE ($1::uuid IS NULL OR t.user_id = $1::uuid) AND ($2::date IS NULL OR t.meeting_date >= $2::date) AND ($3::date IS NULL OR t.meeting_date <= $3::date) AND ($4::text IS NULL OR t.summary ILIKE '%' || $4 || '%' OR t.raw_text ILIKE '%' || $4 || '%') AND ($5::text IS NULL OR TRUE) AND ($6::text IS NULL OR TRUE)",Đúng✅,,
,,,,,,
2026年5月6日の電話における山下様の平均発話時間はどのくらいですか？,Thời lượng nói chuyện trung bình của ông/bà Yamashita trong các cuộc gọi điện thoại vào ngày 6 tháng 5 năm 2026 là bao nhiêu?,"SELECT ROUND(AVG(ct.time_end_sec - ct.time_start_sec)::numeric, 2) AS value FROM chunks_turn ct JOIN transcripts t ON t.id = ct.transcript_id WHERE ($1::uuid IS NULL OR t.user_id = $1::uuid) AND ($2::date IS NULL OR t.meeting_date >= $2::date) AND ($3::date IS NULL OR t.meeting_date <= $3::date) AND ($4::text IS NULL OR t.summary ILIKE '%' || $4 || '%' OR t.raw_text ILIKE '%' || $4 || '%') AND ct.speaker = '山下様'","SELECT COALESCE(AVG(ct.time_end_sec - ct.time_start_sec), 0)::float AS value FROM chunks_turn ct JOIN transcripts t ON ct.transcript_id = t.id WHERE (ct.speaker = $5::text OR ct.speaker = (SELECT speaker FROM chunks_turn ct2 JOIN transcripts t2 ON ct2.transcript_id = t2.id WHERE ct2.text ILIKE '%' || $5::text || '%' AND ($1::uuid IS NULL OR t2.user_id = $1::uuid) AND ($2::date IS NULL OR t2.meeting_date >= $2::date) AND ($3::date IS NULL OR t2.meeting_date <= $3::date) LIMIT 1)) AND ($1::uuid IS NULL OR t.user_id = $1::uuid) AND ($2::date IS NULL OR t.meeting_date >= $2::date) AND ($3::date IS NULL OR t.meeting_date <= $3::date) AND ($4::text IS NULL OR t.summary ILIKE '%' || $4 || '%' OR t.raw_text ILIKE '%' || $4 || '%') AND ($5::text IS NULL OR TRUE) AND ($6::text IS NULL OR TRUE)",Đúng✅,,
2026年5月6日の電話で最も長い発言は誰の発言でしたか？,Ai là người đưa ra phát biểu dài nhất trong cuộc gọi điện thoại ngày 6 tháng 5 năm 2026?,"SELECT ct.speaker AS value, MAX(ct.time_end_sec - ct.time_start_sec) AS duration FROM chunks_turn ct JOIN transcripts t ON t.id = ct.transcript_id WHERE ($1::uuid IS NULL OR t.user_id = $1::uuid) AND ($2::date IS NULL OR t.meeting_date >= $2::date) AND ($3::date IS NULL OR t.meeting_date <= $3::date) AND ($4::text IS NULL OR t.summary ILIKE '%' || $4 || '%' OR t.raw_text ILIKE '%' || $4 || '%') GROUP BY ct.speaker ORDER BY duration DESC LIMIT 1","SKIP (operator=skip, target=none)",Đúng✅,,
2026年5月6日の電話で最も短い発言は誰の発言でしたか？,Ai là người đưa ra câu trả lời ngắn gọn nhất trong cuộc gọi điện thoại ngày 6 tháng 5 năm 2026?,"SELECT ct.speaker AS value, MIN(ct.time_end_sec - ct.time_start_sec) AS duration FROM chunks_turn ct JOIN transcripts t ON t.id = ct.transcript_id WHERE ($1::uuid IS NULL OR t.user_id = $1::uuid) AND ($2::date IS NULL OR t.meeting_date >= $2::date) AND ($3::date IS NULL OR t.meeting_date <= $3::date) AND ($4::text IS NULL OR t.summary ILIKE '%' || $4 || '%' OR t.raw_text ILIKE '%' || $4 || '%') GROUP BY ct.speaker ORDER BY duration ASC LIMIT 1","SKIP (operator=skip, target=none)",Đúng✅,,
2026年5月6日の電話で山下様は何回発言しましたか？,Ông Yamashita đã nói bao nhiêu lần trong cuộc gọi điện thoại ngày 6 tháng 5 năm 2026?,SELECT COUNT(*) AS value FROM chunks_turn ct JOIN transcripts t ON t.id = ct.transcript_id WHERE ($1::uuid IS NULL OR t.user_id = $1::uuid) AND ($2::date IS NULL OR t.meeting_date >= $2::date) AND ($3::date IS NULL OR t.meeting_date <= $3::date) AND ($4::text IS NULL OR t.summary ILIKE '%' || $4 || '%' OR t.raw_text ILIKE '%' || $4 || '%') AND ct.speaker = '山下様',SELECT COUNT(*)::float AS value FROM chunks_turn ct JOIN transcripts t ON ct.transcript_id = t.id WHERE (ct.speaker = $5::text OR ct.speaker = (SELECT speaker FROM chunks_turn ct2 JOIN transcripts t2 ON ct2.transcript_id = t2.id WHERE ct2.text ILIKE '%' || $5::text || '%' AND ($1::uuid IS NULL OR t2.user_id = $1::uuid) AND ($2::date IS NULL OR t2.meeting_date >= $2::date) AND ($3::date IS NULL OR t2.meeting_date <= $3::date) LIMIT 1)) AND ($1::uuid IS NULL OR t.user_id = $1::uuid) AND ($2::date IS NULL OR t.meeting_date >= $2::date) AND ($3::date IS NULL OR t.meeting_date <= $3::date) AND ($4::text IS NULL OR t.summary ILIKE '%' || $4 || '%' OR t.raw_text ILIKE '%' || $4 || '%') AND ($5::text IS NULL OR TRUE) AND ($6::text IS NULL OR TRUE),Đúng✅,,
2026年5月6日の電話で最も多く発言したのは誰ですか？,Ai là người nói nhiều nhất trong cuộc gọi điện thoại ngày 6 tháng 5 năm 2026?,"SELECT ct.speaker AS value, COUNT(*) AS turn_count FROM chunks_turn ct JOIN transcripts t ON t.id = ct.transcript_id WHERE ($1::uuid IS NULL OR t.user_id = $1::uuid) AND ($2::date IS NULL OR t.meeting_date >= $2::date) AND ($3::date IS NULL OR t.meeting_date <= $3::date) AND ($4::text IS NULL OR t.summary ILIKE '%' || $4 || '%' OR t.raw_text ILIKE '%' || $4 || '%') GROUP BY ct.speaker ORDER BY turn_count DESC LIMIT 1","SKIP (operator=skip, target=none)",Đúng✅,,
2026年5月6日の電話では何人が発言し、何について確認していましたか？,"Có bao nhiêu người tham gia cuộc gọi điện thoại vào ngày 6 tháng 5 năm 2026, và họ đang xác nhận điều gì?","SKIP (operator=skip, target=none)","SKIP (operator=skip, target=none)",Đúng✅,,
2026年5月6日のAJテクノロジーズの山下様からの通話について教えてください。,Xin hãy cho tôi biết về cuộc gọi điện thoại mà tôi nhận được từ ông Yamashita của AJ Technologies vào ngày 6 tháng 5 năm 2026.,"SKIP (operator=skip, target=none)","SKIP (operator=skip, target=none)",Đúng✅,,
2026年5月1日から5月8日までのAJテクノロジーズとの通話履歴をすべて見せてください。,Vui lòng cho tôi xem tất cả nhật ký cuộc gọi với AJ Technologies từ ngày 1 tháng 5 đến ngày 8 tháng 5 năm 2026.,"SKIP (operator=skip, target=none)","SKIP (operator=skip, target=none)",Đúng✅,,
最近の通話の中で、AJテクノロジーズの山下様からカセ様宛ての連絡はありましたか？,"Trong những cuộc điện thoại gần đây, ông Yamashita từ AJ Technologies có liên lạc với ông Kase không?","SKIP (operator=skip, target=none)","SKIP (operator=skip, target=none)",Đúng✅,,
2026年5月6日の電話で、山下様が「カセさんってお戻りになられてますか？」と尋ねたのは通話の何分頃ですか？,"Trong cuộc gọi điện thoại ngày 6 tháng 5 năm 2026, ông Yamashita đã hỏi ""Kase-san đã trở về chưa?"" vào thời điểm nào?","SKIP (operator=skip, target=none)","SKIP (operator=skip, target=none)",Đúng✅,,
2026年5月6日の電話のように担当者が外出中の場合、外部からの問い合わせ対応や折り返し連絡に関する社内ルールを教えてください。,"Vui lòng giải thích các quy định nội bộ của công ty về việc xử lý các yêu cầu từ bên ngoài và việc gọi lại khi người phụ trách vắng mặt tại văn phòng, như trường hợp cuộc gọi ngày 6 tháng 5 năm 2026.","SKIP (operator=skip, target=none)","SKIP (operator=skip, target=none)",Đúng✅,,
2026年5月6日のAJテクノロジーズからの電話のように、取引先が後ほど連絡すると伝えた場合の対応フローを教えてください。,"Vui lòng giải thích quy trình xử lý các tình huống như cuộc gọi từ AJ Technologies vào ngày 6 tháng 5 năm 2026, trong đó một đối tác kinh doanh nói rằng họ sẽ liên lạc lại với bạn sau.","SKIP (operator=skip, target=none)","SKIP (operator=skip, target=none)",Đúng✅,,
2026年5月6日の電話で言及されたような社員の「外出」について、定義および勤務管理上の基準を教えてください。,"Vui lòng cung cấp định nghĩa và tiêu chí quản lý công việc cho việc nhân viên ""đi ra ngoài"" như đã đề cập trong cuộc gọi điện thoại ngày 6 tháng 5 năm 2026.","SKIP (operator=skip, target=none)","SKIP (operator=skip, target=none)",Đúng✅,,
2026年5月6日の電話に関連して、カセ様・建設のエスタ担当者・AJテクノロジーズの山下様の登録連絡先情報を教えてください。,"Về cuộc gọi điện thoại ngày 6 tháng 5 năm 2026, vui lòng cung cấp thông tin liên lạc đã đăng ký của ông Kase, đại diện ESTA từ lĩnh vực Xây dựng, và ông Yamashita từ AJ Technologies.","SKIP (operator=skip, target=none)","SKIP (operator=skip, target=none)",Đúng✅,,
2026年5月6日のような担当者不在時の電話対応について、伝言受付や折り返し確認に関する規定は業務マニュアルのどの章・条項に記載されていますか？,"Đối với các cuộc gọi điện thoại khi người phụ trách vắng mặt, ví dụ như vào ngày 6 tháng 5 năm 2026, chương hoặc điều khoản nào trong sổ tay hướng dẫn vận hành có quy định về việc ghi lại lời nhắn và xác nhận cuộc gọi lại?","SKIP (operator=skip, target=none)","SKIP (operator=skip, target=none)",Đúng✅,,
2026年5月7日のアセットジャパンのクマガイ様との通話で、来週の打ち合わせとはどの予定について話していましたか？,"Trong cuộc điện thoại với ông Kumagai từ Asset Japan vào ngày 7 tháng 5 năm 2026, hai bên đã thảo luận về những vấn đề gì liên quan đến cuộc họp tuần tới?","SKIP (operator=skip, target=none)","SKIP (operator=skip, target=none)",Đúng✅,,
2026年5月7日の打ち合わせ日程調整の電話で、14日水曜日10時からの打ち合わせについて最終的にどのような結論になりましたか？,"Liên quan đến cuộc gọi điện thoại ngày 7 tháng 5 năm 2026 để lên lịch cuộc họp, quyết định cuối cùng về cuộc họp dự kiến ​​diễn ra vào thứ Tư, ngày 14 tháng 5 lúc 10:00 sáng là gì?","SKIP (operator=skip, target=none)","SKIP (operator=skip, target=none)",Đúng✅,,
2026年5月7日の通話で、SPEAKER 1（クマガイ様）は打ち合わせ日程についてどのような提案や依頼をしましたか？,"Trong cuộc gọi ngày 7 tháng 5 năm 2026, người phát ngôn 1 (ông Kumagai) đã đưa ra những đề xuất hoặc yêu cầu nào liên quan đến lịch trình cuộc họp?","SKIP (operator=skip, target=none)","SKIP (operator=skip, target=none)",Đúng✅,,
2026年5月7日の通話で、14日水曜日10時の打ち合わせ案に対して相手側から反対や日程変更の要望はありましたか？,"Trong cuộc gọi ngày 7 tháng 5 năm 2026, bên kia có phản đối hoặc yêu cầu thay đổi ngày họp dự kiến ​​vào thứ Tư, ngày 14 tháng 5 lúc 10:00 sáng không?","SKIP (operator=skip, target=none)","SKIP (operator=skip, target=none)",Đúng✅,,
2026年5月7日の打ち合わせ日程調整の通話で、打ち合わせ実施に関する懸念点や問題はありましたか？,"Trong cuộc gọi điện thoại để lên lịch cuộc họp vào ngày 7 tháng 5 năm 2026, có bất kỳ lo ngại hoặc vấn đề nào liên quan đến việc tổ chức cuộc họp không?","SKIP (operator=skip, target=none)","SKIP (operator=skip, target=none)",Đúng✅,,
2026年5月7日の通話で、SPEAKER 1は打ち合わせ日程についてどのような状況説明をしましたか？,"Trong cuộc gọi ngày 7 tháng 5 năm 2026, NGƯỜI NÓI 1 đã cung cấp thông tin cập nhật như thế nào về lịch trình cuộc họp?","SKIP (operator=skip, target=none)","SKIP (operator=skip, target=none)",Đúng✅,,
2026年5月7日の通話後、各参加者はどのような対応を行う予定ですか？また訪問予定はどのように決まりましたか？,Mỗi người tham gia dự định sẽ thực hiện những hành động gì sau cuộc gọi ngày 7 tháng 5 năm 2026? Lịch trình các cuộc gặp được quyết định như thế nào?,"SKIP (operator=skip, target=none)","SKIP (operator=skip, target=none)",Đúng✅,,
2026年5月7日の通話終了時点で、未確定または未解決の事項は残っていますか？,"Tính đến thời điểm kết thúc cuộc gọi ngày 7 tháng 5 năm 2026, còn vấn đề nào chưa được giải quyết hoặc chưa được xác định không?","SKIP (operator=skip, target=none)","SKIP (operator=skip, target=none)",Đúng✅,,
2026年5月7日の通話で、SPEAKER 1（クマガイ様）はどのような説明や依頼を行いましたか？,"Trong cuộc gọi ngày 7 tháng 5 năm 2026, người phát ngôn 1 (ông Kumagai) đã đưa ra những lời giải thích hoặc yêu cầu gì?","SKIP (operator=skip, target=none)","SKIP (operator=skip, target=none)",Đúng✅,,
2026年5月7日の通話で、14日水曜日10時の打ち合わせについてのやり取りを時系列で要約してください。,"Vui lòng tóm tắt cuộc hội thoại qua điện thoại ngày 7 tháng 5 năm 2026, liên quan đến cuộc họp dự kiến ​​diễn ra vào thứ Tư, ngày 14 tháng 5 lúc 10:00 sáng, theo trình tự thời gian.","SKIP (operator=skip, target=none)","SKIP (operator=skip, target=none)",Đúng✅,,
2026年5月7日の通話で、「14日水曜日の10時ですね。お伺いさせていただきますので」と発言したのは誰ですか？,"Ai đã nói, ""Tôi sẽ đến vào thứ Tư ngày 14 lúc 10:00 sáng,"" trong cuộc gọi ngày 7 tháng 5 năm 2026?","SKIP (operator=skip, target=none)","SKIP (operator=skip, target=none)",Đúng✅,,
2026年5月7日の打ち合わせ日程調整の電話には誰が参加しており、それぞれどの会社の担当者ですか？,"Những ai đã tham gia cuộc gọi điện thoại để lên lịch cuộc họp vào ngày 7 tháng 5 năm 2026, và mỗi người đại diện cho công ty nào?","SKIP (operator=skip, target=none)","SKIP (operator=skip, target=none)",Đúng✅,,
2026年5月7日の打ち合わせ日程調整の電話の目的と結果をまとめてください。,Vui lòng tóm tắt mục đích và kết quả của cuộc gọi điện thoại để lên lịch cuộc họp vào ngày 7 tháng 5 năm 2026.,"SKIP (operator=skip, target=none)","SKIP (operator=skip, target=none)",Đúng✅,,
2026年5月7日の通話で確認された打ち合わせ日程に関する内容を要約してください。,Vui lòng tóm tắt chi tiết về lịch họp đã được xác nhận trong cuộc gọi điện thoại ngày 7 tháng 5 năm 2026.,"SKIP (operator=skip, target=none)","SKIP (operator=skip, target=none)",Đúng✅,,
2026年5月7日の通話における打ち合わせ日程調整の経緯を要約してください。,Vui lòng tóm tắt chi tiết quy trình lên lịch cuộc họp trong cuộc gọi điện thoại vào ngày 7 tháng 5 năm 2026.,"SKIP (operator=skip, target=none)","SKIP (operator=skip, target=none)",Đúng✅,,
2026年5月7日の通話で確認・合意された内容を整理してください。,Vui lòng tóm tắt những điểm đã được xác nhận và thống nhất trong cuộc gọi ngày 7 tháng 5 năm 2026.,"SKIP (operator=skip, target=none)","SKIP (operator=skip, target=none)",Đúng✅,,
2026年5月7日の通話で「14日水曜日」が何回言及されましたか？,"Trong cuộc gọi ngày 7 tháng 5 năm 2026, cụm từ ""Thứ Tư, ngày 14 tháng 5"" được nhắc đến bao nhiêu lần?",SELECT COUNT(*) AS value FROM chunks_turn ct JOIN transcripts t ON t.id = ct.transcript_id WHERE ($1::uuid IS NULL OR t.user_id = $1::uuid) AND ($2::date IS NULL OR t.meeting_date >= $2::date) AND ($3::date IS NULL OR t.meeting_date <= $3::date) AND ($4::text IS NULL OR t.summary ILIKE '%' || $4 || '%' OR t.raw_text ILIKE '%' || $4 || '%') AND ct.text ILIKE '%14日水曜日%',"SELECT COALESCE(SUM(CASE WHEN $6::text IS NULL OR $6::text = '' THEN 0 ELSE (LENGTH(ct.text) - LENGTH(REPLACE(ct.text, $6::text, ''))) / LENGTH($6::text) END), 0)::float AS value FROM chunks_turn ct JOIN transcripts t ON ct.transcript_id = t.id WHERE ($1::uuid IS NULL OR t.user_id = $1::uuid) AND ($2::date IS NULL OR t.meeting_date >= $2::date) AND ($3::date IS NULL OR t.meeting_date <= $3::date) AND ($4::text IS NULL OR t.summary ILIKE '%' || $4 || '%' OR t.raw_text ILIKE '%' || $4 || '%') AND ($5::text IS NULL OR TRUE) AND ($6::text IS NULL OR TRUE)",Sai ❌ (Cần đếm số lần xuất hiện thực sự của từ khóa thay vì chỉ đếm số lượt phát ngôn có chứa từ khóa như hiện tại),,
2026年5月7日の通話の総時間はどのくらいでしたか？,Tổng thời lượng cuộc gọi điện thoại của bạn vào ngày 7 tháng 5 năm 2026 là bao lâu?,"SELECT COALESCE(SUM(t.duration_seconds), 0) AS value FROM transcripts t WHERE ($1::uuid IS NULL OR t.user_id = $1::uuid) AND ($2::date IS NULL OR t.meeting_date >= $2::date) AND ($3::date IS NULL OR t.meeting_date <= $3::date) AND ($4::text IS NULL OR t.summary ILIKE '%' || $4 || '%' OR t.raw_text ILIKE '%' || $4 || '%')","SELECT COALESCE(SUM(t.duration_seconds), 0) AS value FROM transcripts t WHERE ($1::uuid IS NULL OR t.user_id = $1::uuid) AND ($2::date IS NULL OR t.meeting_date >= $2::date) AND ($3::date IS NULL OR t.meeting_date <= $3::date) AND ($4::text IS NULL OR t.summary ILIKE '%' || $4 || '%' OR t.raw_text ILIKE '%' || $4 || '%') AND ($5::text IS NULL OR TRUE) AND ($6::text IS NULL OR TRUE)",Đúng✅,,
2026年5月7日の通話におけるSPEAKER 2の平均発話時間はどのくらいですか？,Thời gian nói trung bình của NGƯỜI NÓI 2 trong cuộc gọi ngày 7 tháng 5 năm 2026 là bao nhiêu?,"SELECT ROUND(AVG(ct.time_end_sec - ct.time_start_sec)::numeric, 2) AS value FROM chunks_turn ct JOIN transcripts t ON t.id = ct.transcript_id WHERE ($1::uuid IS NULL OR t.user_id = $1::uuid) AND ($2::date IS NULL OR t.meeting_date >= $2::date) AND ($3::date IS NULL OR t.meeting_date <= $3::date) AND ($4::text IS NULL OR t.summary ILIKE '%' || $4 || '%' OR t.raw_text ILIKE '%' || $4 || '%') AND ct.speaker = 'SPEAKER 2'","SELECT COALESCE(AVG(ct.time_end_sec - ct.time_start_sec), 0)::float AS value FROM chunks_turn ct JOIN transcripts t ON ct.transcript_id = t.id WHERE (ct.speaker = $5::text OR ct.speaker = (SELECT speaker FROM chunks_turn ct2 JOIN transcripts t2 ON ct2.transcript_id = t2.id WHERE ct2.text ILIKE '%' || $5::text || '%' AND ($1::uuid IS NULL OR t2.user_id = $1::uuid) AND ($2::date IS NULL OR t2.meeting_date >= $2::date) AND ($3::date IS NULL OR t2.meeting_date <= $3::date) LIMIT 1)) AND ($1::uuid IS NULL OR t.user_id = $1::uuid) AND ($2::date IS NULL OR t.meeting_date >= $2::date) AND ($3::date IS NULL OR t.meeting_date <= $3::date) AND ($4::text IS NULL OR t.summary ILIKE '%' || $4 || '%' OR t.raw_text ILIKE '%' || $4 || '%') AND ($5::text IS NULL OR TRUE) AND ($6::text IS NULL OR TRUE)",Đúng✅,,
2026年5月7日の通話で最も長い発言は誰の発言でしたか？,Ai là người đưa ra phát biểu dài nhất trong cuộc gọi ngày 7 tháng 5 năm 2026?,"SELECT ct.speaker AS value, MAX(ct.time_end_sec - ct.time_start_sec) AS duration FROM chunks_turn ct JOIN transcripts t ON t.id = ct.transcript_id WHERE ($1::uuid IS NULL OR t.user_id = $1::uuid) AND ($2::date IS NULL OR t.meeting_date >= $2::date) AND ($3::date IS NULL OR t.meeting_date <= $3::date) AND ($4::text IS NULL OR t.summary ILIKE '%' || $4 || '%' OR t.raw_text ILIKE '%' || $4 || '%') GROUP BY ct.speaker ORDER BY duration DESC LIMIT 1","SKIP (operator=skip, target=none)",Đúng✅,,
2026年5月7日の通話で最も短い発言は誰の発言でしたか？,Ai là người đưa ra phát biểu ngắn gọn nhất trong cuộc gọi ngày 7 tháng 5 năm 2026?,"SELECT ct.speaker AS value, MIN(ct.time_end_sec - ct.time_start_sec) AS duration FROM chunks_turn ct JOIN transcripts t ON t.id = ct.transcript_id WHERE ($1::uuid IS NULL OR t.user_id = $1::uuid) AND ($2::date IS NULL OR t.meeting_date >= $2::date) AND ($3::date IS NULL OR t.meeting_date <= $3::date) AND ($4::text IS NULL OR t.summary ILIKE '%' || $4 || '%' OR t.raw_text ILIKE '%' || $4 || '%') GROUP BY ct.speaker ORDER BY duration ASC LIMIT 1","SKIP (operator=skip, target=none)",Đúng✅,,
2026年5月7日の通話でSPEAKER 1は何回発言しましたか？,"Trong cuộc gọi ngày 7 tháng 5 năm 2026, người phát ngôn số 1 đã nói bao nhiêu lần?",SELECT COUNT(*) AS value FROM chunks_turn ct JOIN transcripts t ON t.id = ct.transcript_id WHERE ($1::uuid IS NULL OR t.user_id = $1::uuid) AND ($2::date IS NULL OR t.meeting_date >= $2::date) AND ($3::date IS NULL OR t.meeting_date <= $3::date) AND ($4::text IS NULL OR t.summary ILIKE '%' || $4 || '%' OR t.raw_text ILIKE '%' || $4 || '%') AND ct.speaker = 'SPEAKER 1',SELECT COUNT(*)::float AS value FROM chunks_turn ct JOIN transcripts t ON ct.transcript_id = t.id WHERE (ct.speaker = $5::text OR ct.speaker = (SELECT speaker FROM chunks_turn ct2 JOIN transcripts t2 ON ct2.transcript_id = t2.id WHERE ct2.text ILIKE '%' || $5::text || '%' AND ($1::uuid IS NULL OR t2.user_id = $1::uuid) AND ($2::date IS NULL OR t2.meeting_date >= $2::date) AND ($3::date IS NULL OR t2.meeting_date <= $3::date) LIMIT 1)) AND ($1::uuid IS NULL OR t.user_id = $1::uuid) AND ($2::date IS NULL OR t.meeting_date >= $2::date) AND ($3::date IS NULL OR t.meeting_date <= $3::date) AND ($4::text IS NULL OR t.summary ILIKE '%' || $4 || '%' OR t.raw_text ILIKE '%' || $4 || '%') AND ($5::text IS NULL OR TRUE) AND ($6::text IS NULL OR TRUE),Đúng✅,,
2026年5月7日の通話で最も多く発言したのは誰ですか？,Ai là người nói nhiều nhất trong cuộc gọi ngày 7 tháng 5 năm 2026?,"SELECT ct.speaker AS value, COUNT(*) AS turn_count FROM chunks_turn ct JOIN transcripts t ON t.id = ct.transcript_id WHERE ($1::uuid IS NULL OR t.user_id = $1::uuid) AND ($2::date IS NULL OR t.meeting_date >= $2::date) AND ($3::date IS NULL OR t.meeting_date <= $3::date) AND ($4::text IS NULL OR t.summary ILIKE '%' || $4 || '%' OR t.raw_text ILIKE '%' || $4 || '%') GROUP BY ct.speaker ORDER BY turn_count DESC LIMIT 1","SKIP (operator=skip, target=none)",Đúng✅,,
2026年5月7日の通話では何人が発言し、何について確認していましたか？,"Có bao nhiêu người đã phát biểu trong cuộc gọi ngày 7 tháng 5 năm 2026, và họ đang xác nhận điều gì?","SKIP (operator=skip, target=none)","SKIP (operator=skip, target=none)",Đúng✅,,
2026年5月7日に行われた、アセットジャパンのクマガイ様による打ち合わせ日程調整の通話について教えてください。,"Xin vui lòng cho tôi biết về cuộc điện thoại với ông Kumagai từ Asset Japan vào ngày 7 tháng 5 năm 2026, liên quan đến việc lên lịch cuộc họp?","SKIP (operator=skip, target=none)","SKIP (operator=skip, target=none)",Đúng✅,,
2026年5月1日から5月9日までの期間で、打ち合わせ日程調整に関する通話履歴をすべて見せてください。,Vui lòng cho tôi xem tất cả nhật ký cuộc gọi liên quan đến việc lên lịch họp trong khoảng thời gian từ ngày 1 tháng 5 đến ngày 9 tháng 5 năm 2026.,"SKIP (operator=skip, target=none)","SKIP (operator=skip, target=none)",Đúng✅,,
最近の通話で、アセットジャパンのクマガイ様から打ち合わせ日程調整に関する連絡はありましたか？,"Trong cuộc gọi điện thoại gần đây, ông/bà có nhận được liên lạc nào từ ông Kumagai của Asset Japan về việc lên lịch cuộc họp không?",SELECT COUNT(*) AS value FROM chunks_turn ct JOIN transcripts t ON t.id = ct.transcript_id WHERE ($1::uuid IS NULL OR t.user_id = $1::uuid) AND ($2::date IS NULL OR t.meeting_date >= $2::date) AND ($3::date IS NULL OR t.meeting_date <= $3::date) AND ($4::text IS NULL OR t.summary ILIKE '%' || $4 || '%' OR t.raw_text ILIKE '%' || $4 || '%') AND ct.text ILIKE '%アセットジャパン%',"SKIP (operator=skip, target=none)","Sai ❌ 
=> Cần ngữ nghĩa để xác định",,
2026年5月7日の通話で、クマガイ様が14日水曜日10時からの打ち合わせを提案したのは通話の何分頃ですか？,"Ông Kumagai đã đề nghị tổ chức cuộc họp vào thứ Tư, ngày 14 tháng 5 năm 2026 lúc 10:00 sáng vào thời điểm nào trong cuộc gọi đó?","SKIP (operator=skip, target=none)","SKIP (operator=skip, target=none)",Đúng✅,,
取引先との打ち合わせ日程調整およびアポイント確定に関する社内ルールを教えてください。,Vui lòng cho tôi biết về các quy định của công ty liên quan đến việc lên lịch và xác nhận cuộc hẹn với khách hàng.,"SKIP (operator=skip, target=none)","SKIP (operator=skip, target=none)",Đúng✅,,
取引先との打ち合わせ日程を調整し、訪問日時を確定する場合の対応フローはどうなっていますか？,Quy trình lên lịch họp với khách hàng và xác nhận ngày giờ thăm gặp như thế nào?,"SKIP (operator=skip, target=none)","SKIP (operator=skip, target=none)",Đúng✅,,
弊社における「打ち合わせ」の定義および実施基準は何ですか？,"Tại công ty chúng ta, định nghĩa và tiêu chí thực hiện của một ""cuộc họp"" là gì?","SKIP (operator=skip, target=none)","SKIP (operator=skip, target=none)",Đúng✅,,
2026年5月7日の通話に登場したアセットジャパンのクマガイ様および相手担当者の連絡先情報を教えてください。,Vui lòng cung cấp thông tin liên lạc của ông Kumagai từ Asset Japan và đại diện của bên kia đã tham gia cuộc gọi vào ngày 7 tháng 5 năm 2026.,"SKIP (operator=skip, target=none)","SKIP (operator=skip, target=none)",Đúng✅,,
取引先との打ち合わせ日程調整およびアポイント確定に関する規定は、業務マニュアルのどこに記載されていますか？,Quy định về việc lên lịch và xác nhận cuộc hẹn với khách hàng được nêu ở đâu trong sổ tay hướng dẫn vận hành?,"SKIP (operator=skip, target=none)","SKIP (operator=skip, target=none)",Đúng✅,,
2026年5月8日の保険代理店ベネフィットへの電話で、AJテクノロジーズのツジ様は誰に取り次ぎを依頼しましたか？,"Vào ngày 8 tháng 5 năm 2026, khi ông Tsuji từ AJ Technologies gọi điện cho công ty bảo hiểm Benefit, ông ấy đã yêu cầu được kết nối với ai?","SKIP (operator=skip, target=none)","SKIP (operator=skip, target=none)",Đúng✅,,
2026年5月8日の電話で、おのだ様が不在であることを受けて最終的にどのような対応方針になりましたか？,"Sau cuộc gọi điện thoại ngày 8 tháng 5 năm 2026, khi ông/bà Onoda không thể nghe máy, quyết định cuối cùng của bạn là gì?","SKIP (operator=skip, target=none)","SKIP (operator=skip, target=none)",Đúng✅,,
2026年5月8日の電話で、AJテクノロジーズのツジ様はおのだ様への連絡方法についてどのような提案や確認を行いましたか？,"Trong cuộc gọi điện thoại ngày 8 tháng 5 năm 2026, ông Tsuji của AJ Technologies đã đưa ra những gợi ý hoặc xác nhận nào về cách liên lạc với ông Onoda?","SKIP (operator=skip, target=none)","SKIP (operator=skip, target=none)",Đúng✅,,
2026年5月8日の電話で、相手の提案や状況に対して反対・拒否・否定的な発言はありましたか？あれば誰の発言ですか？,"Trong cuộc điện thoại ngày 8 tháng 5 năm 2026, có bất kỳ ý kiến ​​phản đối, từ chối hoặc nhận xét tiêu cực nào về đề xuất hoặc tình hình của bên kia không? Nếu có, đó là ý kiến ​​của ai?","SKIP (operator=skip, target=none)","SKIP (operator=skip, target=none)",Đúng✅,,
2026年5月8日の電話で、おのだ様への連絡に関して確認できなかったことや不確実な情報は何でしたか？,Thông tin nào liên quan đến việc liên lạc với ông Onoda không rõ ràng hoặc không thể xác nhận được trong cuộc gọi điện thoại ngày 8 tháng 5 năm 2026?,"SKIP (operator=skip, target=none)","SKIP (operator=skip, target=none)",Đúng✅,,
2026年5月8日の電話で、保険代理店ベネフィット側はおのだ様の現在の状況についてどのように説明しましたか？,"Trong cuộc gọi điện thoại ngày 8 tháng 5 năm 2026, công ty bảo hiểm Benefit đã giải thích tình hình hiện tại của ông Onoda như thế nào?","SKIP (operator=skip, target=none)","SKIP (operator=skip, target=none)",Đúng✅,,
2026年5月8日の電話終了後、各参加者はどのような対応を行う予定になっていますか？,Mỗi người tham gia dự định sẽ thực hiện những hành động gì sau khi cuộc gọi kết thúc vào ngày 8 tháng 5 năm 2026?,"SKIP (operator=skip, target=none)","SKIP (operator=skip, target=none)",Đúng✅,,
2026年5月8日の電話で、「携帯にかけても問題ないか」という質問に対する明確な回答はありましたか？,"Trong cuộc gọi điện thoại ngày 8 tháng 5 năm 2026, bạn có nhận được câu trả lời rõ ràng cho câu hỏi, ""Tôi có thể gọi vào điện thoại di động của bạn được không?""","SKIP (operator=skip, target=none)","SKIP (operator=skip, target=none)",Đúng✅,,
2026年5月8日の電話におけるSPEAKER 1の発言だけを抽出し、おのだ様の状況説明を要約してください。,Vui lòng chỉ trích dẫn những phát biểu của Người phát ngôn 1 trong cuộc điện thoại ngày 8 tháng 5 năm 2026 và tóm tắt lời giải thích của ông Onoda về tình hình.,"SKIP (operator=skip, target=none)","SKIP (operator=skip, target=none)",Đúng✅,,
2026年5月8日の電話で、おのだ様への連絡方法についてのやり取りを時系列で整理してください。,Vui lòng sắp xếp cuộc trò chuyện về cách liên lạc với ông Onoda trong cuộc gọi điện thoại ngày 8 tháng 5 năm 2026 theo trình tự thời gian.,"SKIP (operator=skip, target=none)","SKIP (operator=skip, target=none)",Đúng✅,,
2026年5月8日の電話で、「また改めてご連絡差し上げます」と発言したのは誰ですか？また、その発言の意図は何ですか？,"Ai đã nói ""Tôi sẽ liên lạc lại với bạn sau"" trong cuộc gọi điện thoại ngày 8 tháng 5 năm 2026? Và ý định đằng sau câu nói đó là gì?","SKIP (operator=skip, target=none)","SKIP (operator=skip, target=none)",Đúng✅,,
2026年5月8日の電話には誰が参加していましたか？会社名・氏名・役割ごとに整理してください。,"Ai đã tham gia cuộc gọi điện thoại ngày 8 tháng 5 năm 2026? Vui lòng sắp xếp thông tin theo tên công ty, tên và chức vụ.","SKIP (operator=skip, target=none)","SKIP (operator=skip, target=none)",Đúng✅,,
2026年5月8日に行われた、おのだ様への取次ぎ依頼に関する電話の目的と結果をまとめてください。,"Vui lòng tóm tắt mục đích và kết quả của cuộc gọi điện thoại được thực hiện vào ngày 8 tháng 5 năm 2026, liên quan đến yêu cầu kết nối cuộc gọi với bà Onoda.","SKIP (operator=skip, target=none)","SKIP (operator=skip, target=none)",Đúng✅,,
2026年5月8日の電話における、おのだ様に関するやり取りを要約してください。,Vui lòng tóm tắt nội dung cuộc trò chuyện liên quan đến ông/bà Onoda qua điện thoại vào ngày 8 tháng 5 năm 2026.,"SKIP (operator=skip, target=none)","SKIP (operator=skip, target=none)",Đúng✅,,
2026年5月8日の電話で、携帯電話への連絡可否に関するやり取りを要約してください。,Vui lòng tóm tắt cuộc trò chuyện về việc liệu có thể liên lạc được với bạn qua điện thoại di động hay không trong cuộc gọi ngày 8 tháng 5 năm 2026.,"SKIP (operator=skip, target=none)","SKIP (operator=skip, target=none)",Đúng✅,,
2026年5月8日の電話で、改めて連絡することになった経緯を説明してください。,Vui lòng giải thích những tình huống dẫn đến cuộc gọi điện thoại này vào ngày 8 tháng 5 năm 2026.,"SKIP (operator=skip, target=none)","SKIP (operator=skip, target=none)",Đúng✅,,
2026年5月8日の電話で、おのだ様の名前は何回言及されましたか？,"Trong cuộc gọi điện thoại ngày 8 tháng 5 năm 2026, tên của ông/bà Onoda được nhắc đến bao nhiêu lần?",SELECT COUNT(*) AS value FROM chunks_turn ct JOIN transcripts t ON t.id = ct.transcript_id WHERE ($1::uuid IS NULL OR t.user_id = $1::uuid) AND ($2::date IS NULL OR t.meeting_date >= $2::date) AND ($3::date IS NULL OR t.meeting_date <= $3::date) AND ($4::text IS NULL OR t.summary ILIKE '%' || $4 || '%' OR t.raw_text ILIKE '%' || $4 || '%') AND ct.text ILIKE '%おのだ様%',"SELECT COALESCE(SUM(CASE WHEN $6::text IS NULL OR $6::text = '' THEN 0 ELSE (LENGTH(ct.text) - LENGTH(REPLACE(ct.text, $6::text, ''))) / LENGTH($6::text) END), 0)::float AS value FROM chunks_turn ct JOIN transcripts t ON ct.transcript_id = t.id WHERE ($1::uuid IS NULL OR t.user_id = $1::uuid) AND ($2::date IS NULL OR t.meeting_date >= $2::date) AND ($3::date IS NULL OR t.meeting_date <= $3::date) AND ($4::text IS NULL OR t.summary ILIKE '%' || $4 || '%' OR t.raw_text ILIKE '%' || $4 || '%') AND ($5::text IS NULL OR TRUE) AND ($6::text IS NULL OR TRUE)",Sai ❌ (Cần đếm số lần xuất hiện thực sự của từ khóa thay vì chỉ đếm số lượt phát ngôn có chứa từ khóa như hiện tại),,
2026年5月8日の通話時間はどのくらいでしたか？,Cuộc gọi điện thoại của bạn vào ngày 8 tháng 5 năm 2026 kéo dài bao lâu?,"SELECT COALESCE(SUM(t.duration_seconds), 0) AS value FROM transcripts t WHERE ($1::uuid IS NULL OR t.user_id = $1::uuid) AND ($2::date IS NULL OR t.meeting_date >= $2::date) AND ($3::date IS NULL OR t.meeting_date <= $3::date) AND ($4::text IS NULL OR t.summary ILIKE '%' || $4 || '%' OR t.raw_text ILIKE '%' || $4 || '%')","SELECT COALESCE(SUM(t.duration_seconds), 0) AS value FROM transcripts t WHERE ($1::uuid IS NULL OR t.user_id = $1::uuid) AND ($2::date IS NULL OR t.meeting_date >= $2::date) AND ($3::date IS NULL OR t.meeting_date <= $3::date) AND ($4::text IS NULL OR t.summary ILIKE '%' || $4 || '%' OR t.raw_text ILIKE '%' || $4 || '%') AND ($5::text IS NULL OR TRUE) AND ($6::text IS NULL OR TRUE)",Đúng✅,,
2026年5月8日の通話で、ツジ様の平均発話時間はどのくらいですか？,"Vào ngày 8 tháng 5 năm 2026, thời gian nói trung bình của ông/bà Tsuji trong cuộc gọi là bao nhiêu?","SELECT ROUND(AVG(ct.time_end_sec - ct.time_start_sec)::numeric, 2) AS value FROM chunks_turn ct JOIN transcripts t ON t.id = ct.transcript_id WHERE ($1::uuid IS NULL OR t.user_id = $1::uuid) AND ($2::date IS NULL OR t.meeting_date >= $2::date) AND ($3::date IS NULL OR t.meeting_date <= $3::date) AND ($4::text IS NULL OR t.summary ILIKE '%' || $4 || '%' OR t.raw_text ILIKE '%' || $4 || '%') AND ct.speaker = 'ツジ様'","SELECT COALESCE(AVG(ct.time_end_sec - ct.time_start_sec), 0)::float AS value FROM chunks_turn ct JOIN transcripts t ON ct.transcript_id = t.id WHERE (ct.speaker = $5::text OR ct.speaker = (SELECT speaker FROM chunks_turn ct2 JOIN transcripts t2 ON ct2.transcript_id = t2.id WHERE ct2.text ILIKE '%' || $5::text || '%' AND ($1::uuid IS NULL OR t2.user_id = $1::uuid) AND ($2::date IS NULL OR t2.meeting_date >= $2::date) AND ($3::date IS NULL OR t2.meeting_date <= $3::date) LIMIT 1)) AND ($1::uuid IS NULL OR t.user_id = $1::uuid) AND ($2::date IS NULL OR t.meeting_date >= $2::date) AND ($3::date IS NULL OR t.meeting_date <= $3::date) AND ($4::text IS NULL OR t.summary ILIKE '%' || $4 || '%' OR t.raw_text ILIKE '%' || $4 || '%') AND ($5::text IS NULL OR TRUE) AND ($6::text IS NULL OR TRUE)",Đúng✅,,
2026年5月8日の通話で最も長い発言は誰の発言でしたか？,Ai là người đưa ra phát biểu dài nhất trong cuộc gọi ngày 8 tháng 5 năm 2026?,"SELECT ct.speaker AS value, MAX(ct.time_end_sec - ct.time_start_sec) AS duration FROM chunks_turn ct JOIN transcripts t ON t.id = ct.transcript_id WHERE ($1::uuid IS NULL OR t.user_id = $1::uuid) AND ($2::date IS NULL OR t.meeting_date >= $2::date) AND ($3::date IS NULL OR t.meeting_date <= $3::date) AND ($4::text IS NULL OR t.summary ILIKE '%' || $4 || '%' OR t.raw_text ILIKE '%' || $4 || '%') GROUP BY ct.speaker ORDER BY duration DESC LIMIT 1","SKIP (operator=skip, target=none)",Đúng✅,,
2026年5月8日の通話で最も短い発言は誰の発言でしたか？,Ai là người đưa ra phát biểu ngắn gọn nhất trong cuộc gọi ngày 8 tháng 5 năm 2026?,"SELECT ct.speaker AS value, MIN(ct.time_end_sec - ct.time_start_sec) AS duration FROM chunks_turn ct JOIN transcripts t ON t.id = ct.transcript_id WHERE ($1::uuid IS NULL OR t.user_id = $1::uuid) AND ($2::date IS NULL OR t.meeting_date >= $2::date) AND ($3::date IS NULL OR t.meeting_date <= $3::date) AND ($4::text IS NULL OR t.summary ILIKE '%' || $4 || '%' OR t.raw_text ILIKE '%' || $4 || '%') GROUP BY ct.speaker ORDER BY duration ASC LIMIT 1","SKIP (operator=skip, target=none)",Đúng✅,,
2026年5月8日の通話で、ツジ様は何回発言しましたか？,Ông Tsuji đã phát biểu bao nhiêu lần trong cuộc gọi ngày 8 tháng 5 năm 2026?,SELECT COUNT(*) AS value FROM chunks_turn ct JOIN transcripts t ON t.id = ct.transcript_id WHERE ($1::uuid IS NULL OR t.user_id = $1::uuid) AND ($2::date IS NULL OR t.meeting_date >= $2::date) AND ($3::date IS NULL OR t.meeting_date <= $3::date) AND ($4::text IS NULL OR t.summary ILIKE '%' || $4 || '%' OR t.raw_text ILIKE '%' || $4 || '%') AND ct.speaker = 'ツジ様',SELECT COUNT(*)::float AS value FROM chunks_turn ct JOIN transcripts t ON ct.transcript_id = t.id WHERE (ct.speaker = $5::text OR ct.speaker = (SELECT speaker FROM chunks_turn ct2 JOIN transcripts t2 ON ct2.transcript_id = t2.id WHERE ct2.text ILIKE '%' || $5::text || '%' AND ($1::uuid IS NULL OR t2.user_id = $1::uuid) AND ($2::date IS NULL OR t2.meeting_date >= $2::date) AND ($3::date IS NULL OR t2.meeting_date <= $3::date) LIMIT 1)) AND ($1::uuid IS NULL OR t.user_id = $1::uuid) AND ($2::date IS NULL OR t.meeting_date >= $2::date) AND ($3::date IS NULL OR t.meeting_date <= $3::date) AND ($4::text IS NULL OR t.summary ILIKE '%' || $4 || '%' OR t.raw_text ILIKE '%' || $4 || '%') AND ($5::text IS NULL OR TRUE) AND ($6::text IS NULL OR TRUE),Đúng✅,,
2026年5月8日の通話で最も多く発言したのは誰ですか？,Ai là người nói nhiều nhất trong cuộc gọi ngày 8 tháng 5 năm 2026?,"SELECT ct.speaker AS value, COUNT(*) AS turn_count FROM chunks_turn ct JOIN transcripts t ON t.id = ct.transcript_id WHERE ($1::uuid IS NULL OR t.user_id = $1::uuid) AND ($2::date IS NULL OR t.meeting_date >= $2::date) AND ($3::date IS NULL OR t.meeting_date <= $3::date) AND ($4::text IS NULL OR t.summary ILIKE '%' || $4 || '%' OR t.raw_text ILIKE '%' || $4 || '%') GROUP BY ct.speaker ORDER BY turn_count DESC LIMIT 1","SKIP (operator=skip, target=none)",Đúng✅,,
2026年5月8日の通話では何人が発言し、何について確認していましたか？,"Có bao nhiêu người đã phát biểu trong cuộc gọi ngày 8 tháng 5 năm 2026, và họ đang xác nhận điều gì?","SKIP (operator=skip, target=none)","SKIP (operator=skip, target=none)",Đúng✅,,
2026年5月8日のAJテクノロジーズのツジ様から保険代理店ベネフィットへの通話について教えてください。,Vui lòng cho tôi biết về cuộc gọi điện thoại được thực hiện vào ngày 8 tháng 5 năm 2026 từ ông Tsuji của AJ Technologies đến công ty bảo hiểm Benefit.,"SKIP (operator=skip, target=none)","SKIP (operator=skip, target=none)",Đúng✅,,
2026年5月1日から5月10日までのAJテクノロジーズとの通話履歴をすべて見せてください。,Vui lòng cho tôi xem tất cả nhật ký cuộc gọi với AJ Technologies từ ngày 1 tháng 5 đến ngày 10 tháng 5 năm 2026.,"SKIP (operator=skip, target=none)","SKIP (operator=skip, target=none)",Đúng✅,,
最近の通話で、AJテクノロジーズのツジ様からおのだ様宛ての連絡はありましたか？,"Trong những cuộc điện thoại gần đây, ông Tsuji từ AJ Technologies có liên lạc với ông Onoda không?",SELECT COUNT(*) AS value FROM chunks_turn ct JOIN transcripts t ON t.id = ct.transcript_id WHERE ($1::uuid IS NULL OR t.user_id = $1::uuid) AND ($2::date IS NULL OR t.meeting_date >= $2::date) AND ($3::date IS NULL OR t.meeting_date <= $3::date) AND ($4::text IS NULL OR t.summary ILIKE '%' || $4 || '%' OR t.raw_text ILIKE '%' || $4 || '%') AND ct.text ILIKE '%ツジ様%',"SKIP (operator=skip, target=none)","Sai ❌ 
=> Cần ngữ nghĩa để xác định",,
2026年5月8日の通話で、ツジ様がおのだ様の携帯電話に連絡しても問題ないか尋ねたのは何分頃ですか？,"Vào thời điểm nào trong cuộc gọi ngày 8 tháng 5 năm 2026, ông Tsuji hỏi xem có được phép liên lạc qua điện thoại di động của ông Onoda hay không?","SKIP (operator=skip, target=none)","SKIP (operator=skip, target=none)",Đúng✅,,
役員・代表者の携帯電話への直接連絡に関する社内ルールやセキュリティポリシーを教えてください。,Vui lòng cho tôi biết về các quy định và chính sách bảo mật của công ty liên quan đến việc liên lạc trực tiếp với các giám đốc điều hành và đại diện thông qua điện thoại di động của họ.,"SKIP (operator=skip, target=none)","SKIP (operator=skip, target=none)",Đúng✅,,
代表者が不在の際、取引先から携帯電話への直接連絡の可否を尋ねられた場合の対応フローはどうなっていますか？,Quy trình xử lý như thế nào khi khách hàng hỏi liệu họ có thể được liên lạc trực tiếp qua điện thoại di động của đại diện công ty khi đại diện đó vắng mặt?,"SKIP (operator=skip, target=none)","SKIP (operator=skip, target=none)",Đúng✅,,
弊社における「代表者（代表）」の緊急連絡先情報の取り扱いおよび開示基準は何ですか？,"Công ty chúng ta có những tiêu chuẩn nào về việc xử lý và tiết lộ thông tin liên lạc khẩn cấp của ""Người đại diện""?","SKIP (operator=skip, target=none)","SKIP (operator=skip, target=none)",Đúng✅,,
保険代理店ベネフィットの代表であるおのだ様、およびAJテクノロジーズのツジ様の連絡先情報を教えてください。,"Vui lòng cung cấp thông tin liên hệ của ông Onoda, đại diện của công ty bảo hiểm Benefit, và ông Tsuji của AJ Technologies.","SKIP (operator=skip, target=none)","SKIP (operator=skip, target=none)",Đúng✅,,
社外の取引先に対する役員の個人用・業務用携帯電話番号の開示可否に関する規定は、情報セキュリティ規約のどこに記載されていますか？,Chính sách bảo mật thông tin có điều khoản nào quy định việc có tiết lộ số điện thoại di động cá nhân và công việc của các giám đốc điều hành cho các đối tác kinh doanh bên ngoài hay không?,"SKIP (operator=skip, target=none)","SKIP (operator=skip, target=none)",Đúng✅,,
2026年5月9日の、アセットジャパンの伊藤様が山内様宛てに東浦町の物件について伝言を依頼した電話では、どのような内容が話し合われましたか？,"Những nội dung nào đã được thảo luận trong cuộc điện thoại ngày 9 tháng 5 năm 2026, khi ông Ito từ Asset Japan yêu cầu ông Yamauchi chuyển lời nhắn liên quan đến bất động sản ở thị trấn Higashiura?","SKIP (operator=skip, target=none)","SKIP (operator=skip, target=none)",Đúng✅,,
2026年5月9日の東浦町の物件に関する電話で、山内様が不在であることを受けて最終的にどのような対応方針になりましたか？,"Về cuộc gọi điện thoại ngày 9 tháng 5 năm 2026 liên quan đến bất động sản tại thị trấn Higashiura, sau khi ông Yamauchi không thể liên lạc được thì quyết định cuối cùng là gì?","SKIP (operator=skip, target=none)","SKIP (operator=skip, target=none)",Đúng✅,,
2026年5月9日の電話で、アセットジャパンの伊藤様は山内様宛にどのような依頼や伝言をお願いしましたか？,"Trong cuộc điện thoại ngày 9 tháng 5 năm 2026, ông Ito từ Asset Japan đã yêu cầu ông Yamauchi để lại những lời nhắn nhủ hoặc thông điệp gì?","SKIP (operator=skip, target=none)","SKIP (operator=skip, target=none)",Đúng✅,,
2026年5月9日の東浦町の物件に関する電話で、相手の提案や依頼に対して否定・反対・拒否を示した発言はありましたか？あれば誰が発言しましたか？,"Trong cuộc điện thoại về bất động sản tại thị trấn Higashiura ngày 9 tháng 5 năm 2026, có bất kỳ tuyên bố nào thể hiện sự phủ nhận, phản đối hoặc bác bỏ các đề xuất hoặc yêu cầu của bên kia không? Nếu có, ai đã đưa ra những tuyên bố đó?","SKIP (operator=skip, target=none)","SKIP (operator=skip, target=none)",Đúng✅,,
2026年5月9日の電話で、山内様とすぐ連絡が取れないことに関して説明された状況や制約は何ですか？,Những tình huống hoặc hạn chế nào đã được giải thích liên quan đến việc không thể liên lạc ngay lập tức với ông Yamauchi trong cuộc gọi điện thoại ngày 9 tháng 5 năm 2026?,"SKIP (operator=skip, target=none)","SKIP (operator=skip, target=none)",Đúng✅,,
2026年5月9日の電話で、中央清算管理課は山内様の現在の状況についてどのように説明しましたか？,"Trong cuộc điện thoại ngày 9 tháng 5 năm 2026, Phòng Quản lý Khu định cư Trung ương đã giải thích tình hình hiện tại của ông Yamauchi như thế nào?","SKIP (operator=skip, target=none)","SKIP (operator=skip, target=none)",Đúng✅,,
2026年5月9日の東浦町の物件に関する電話の後、誰がどのような対応を行う予定になっていますか？,"Sau cuộc điện thoại liên quan đến bất động sản tại thị trấn Higashiura vào ngày 9 tháng 5 năm 2026, ai dự kiến ​​sẽ thực hiện những hành động gì?","SKIP (operator=skip, target=none)","SKIP (operator=skip, target=none)",Đúng✅,,
2026年5月9日の電話終了時点で、東浦町の物件に関する問い合わせメールについて未確認または未解決の事項はありますか？,"Tính đến thời điểm kết thúc cuộc gọi điện thoại ngày 9 tháng 5 năm 2026, còn vấn đề nào chưa được xác nhận hoặc chưa được giải quyết liên quan đến các email hỏi thông tin về bất động sản tại thị trấn Higashiura không?","SKIP (operator=skip, target=none)","SKIP (operator=skip, target=none)",Đúng✅,,
2026年5月9日の電話での中央清算管理課担当者（SPEAKER 1）の発言だけを抽出し、山内様の状況と対応内容を要約してください。,Vui lòng chỉ trích dẫn những phát biểu của đại diện Phòng Quản lý Kế toán Trung ương (NGƯỜI NÓI 1) trong cuộc điện thoại ngày 9 tháng 5 năm 2026 và tóm tắt tình hình của ông Yamauchi cũng như các hành động đã được thực hiện.,"SKIP (operator=skip, target=none)","SKIP (operator=skip, target=none)",Đúng✅,,
2026年5月9日の電話で、山内様への連絡方法についてSPEAKER 1とSPEAKER 2はどのようなやり取りをしましたか？,"Trong cuộc gọi điện thoại ngày 9 tháng 5 năm 2026, giữa NGƯỜI NÓI 1 và NGƯỜI NÓI 2 về cách liên lạc với ông Yamauchi diễn ra như thế nào?","SKIP (operator=skip, target=none)","SKIP (operator=skip, target=none)",Đúng✅,,
2026年5月9日の電話で「東浦町の物件についてメールで問い合わせます」と伝言を依頼したのは誰ですか？,"Ai là người đã gọi điện vào ngày 9 tháng 5 năm 2026, yêu cầu tôi chuyển lời nhắn: ""Tôi sẽ hỏi thông tin về bất động sản ở thị trấn Higashiura qua email""?","SKIP (operator=skip, target=none)","SKIP (operator=skip, target=none)",Đúng✅,,
2026年5月9日の東浦町の物件に関する電話に参加した人物・会社名・人数をまとめてください。,"Vui lòng lập danh sách tên các cá nhân, công ty và số lượng người tham gia cuộc gọi điện thoại liên quan đến bất động sản tại thị trấn Higashiura vào ngày 9 tháng 5 năm 2026.","SKIP (operator=skip, target=none)","SKIP (operator=skip, target=none)",Đúng✅,,
2026年5月9日の東浦町の物件に関する電話の目的と結果をまとめてください。,Vui lòng tóm tắt mục đích và kết quả của cuộc gọi điện thoại liên quan đến một bất động sản tại thị trấn Higashiura vào ngày 9 tháng 5 năm 2026.,"SKIP (operator=skip, target=none)","SKIP (operator=skip, target=none)",Đúng✅,,
2026年5月9日の電話における山内様に関するやり取りを要約してください。,Vui lòng tóm tắt cuộc điện thoại liên quan đến ông Yamauchi vào ngày 9 tháng 5 năm 2026.,"SKIP (operator=skip, target=none)","SKIP (operator=skip, target=none)",Đúng✅,,
2026年5月9日の電話における東浦町の物件に関するやり取りを要約してください。,Vui lòng tóm tắt cuộc hội thoại qua điện thoại liên quan đến bất động sản tại thị trấn Higashiura vào ngày 9 tháng 5 năm 2026.,"SKIP (operator=skip, target=none)","SKIP (operator=skip, target=none)",Đúng✅,,
2026年5月9日の電話で、山内様への伝言依頼に至った経緯を説明してください。,Vui lòng giải thích những tình huống dẫn đến cuộc gọi điện thoại vào ngày 9 tháng 5 năm 2026 để lại lời nhắn cho ông Yamauchi.,"SKIP (operator=skip, target=none)","SKIP (operator=skip, target=none)",Đúng✅,,
2026年5月9日の電話で、山内様の名前は何回言及されましたか？,"Trong cuộc gọi điện thoại ngày 9 tháng 5 năm 2026, tên của ông Yamauchi được nhắc đến bao nhiêu lần?",SELECT COUNT(*) AS value FROM chunks_turn ct JOIN transcripts t ON t.id = ct.transcript_id WHERE ($1::uuid IS NULL OR t.user_id = $1::uuid) AND ($2::date IS NULL OR t.meeting_date >= $2::date) AND ($3::date IS NULL OR t.meeting_date <= $3::date) AND ($4::text IS NULL OR t.summary ILIKE '%' || $4 || '%' OR t.raw_text ILIKE '%' || $4 || '%') AND ct.text ILIKE '%山内%',"SELECT COALESCE(SUM(CASE WHEN $6::text IS NULL OR $6::text = '' THEN 0 ELSE (LENGTH(ct.text) - LENGTH(REPLACE(ct.text, $6::text, ''))) / LENGTH($6::text) END), 0)::float AS value FROM chunks_turn ct JOIN transcripts t ON ct.transcript_id = t.id WHERE ($1::uuid IS NULL OR t.user_id = $1::uuid) AND ($2::date IS NULL OR t.meeting_date >= $2::date) AND ($3::date IS NULL OR t.meeting_date <= $3::date) AND ($4::text IS NULL OR t.summary ILIKE '%' || $4 || '%' OR t.raw_text ILIKE '%' || $4 || '%') AND ($5::text IS NULL OR TRUE) AND ($6::text IS NULL OR TRUE)",Sai ❌ (Cần đếm số lần xuất hiện thực sự của từ khóa thay vì chỉ đếm số lượt phát ngôn có chứa từ khóa như hiện tại),,
2026年5月9日の東浦町の物件に関する通話時間はどのくらいでしたか？,Cuộc gọi điện thoại liên quan đến bất động sản tại thị trấn Higashiura vào ngày 9 tháng 5 năm 2026 kéo dài bao lâu?,"SELECT COALESCE(SUM(t.duration_seconds), 0) AS value FROM transcripts t WHERE ($1::uuid IS NULL OR t.user_id = $1::uuid) AND ($2::date IS NULL OR t.meeting_date >= $2::date) AND ($3::date IS NULL OR t.meeting_date <= $3::date) AND ($4::text IS NULL OR t.summary ILIKE '%' || $4 || '%' OR t.raw_text ILIKE '%' || $4 || '%')","SELECT COALESCE(SUM(t.duration_seconds), 0) AS value FROM transcripts t WHERE ($1::uuid IS NULL OR t.user_id = $1::uuid) AND ($2::date IS NULL OR t.meeting_date >= $2::date) AND ($3::date IS NULL OR t.meeting_date <= $3::date) AND ($4::text IS NULL OR t.summary ILIKE '%' || $4 || '%' OR t.raw_text ILIKE '%' || $4 || '%') AND ($5::text IS NULL OR TRUE) AND ($6::text IS NULL OR TRUE)",Đúng✅,,
2026年5月9日の電話で、アセットジャパンの伊藤様の平均発話時間はどのくらいですか？,"Vào ngày 9 tháng 5 năm 2026, thời lượng nói chuyện trung bình của ông/bà Ito từ Asset Japan trong một cuộc gọi điện thoại là bao nhiêu?","SELECT ROUND(AVG(ct.time_end_sec - ct.time_start_sec)::numeric, 2) AS value FROM chunks_turn ct JOIN transcripts t ON t.id = ct.transcript_id WHERE ($1::uuid IS NULL OR t.user_id = $1::uuid) AND ($2::date IS NULL OR t.meeting_date >= $2::date) AND ($3::date IS NULL OR t.meeting_date <= $3::date) AND ($4::text IS NULL OR t.summary ILIKE '%' || $4 || '%' OR t.raw_text ILIKE '%' || $4 || '%') AND ct.speaker = '伊藤様'","SELECT COALESCE(AVG(ct.time_end_sec - ct.time_start_sec), 0)::float AS value FROM chunks_turn ct JOIN transcripts t ON ct.transcript_id = t.id WHERE (ct.speaker = $5::text OR ct.speaker = (SELECT speaker FROM chunks_turn ct2 JOIN transcripts t2 ON ct2.transcript_id = t2.id WHERE ct2.text ILIKE '%' || $5::text || '%' AND ($1::uuid IS NULL OR t2.user_id = $1::uuid) AND ($2::date IS NULL OR t2.meeting_date >= $2::date) AND ($3::date IS NULL OR t2.meeting_date <= $3::date) LIMIT 1)) AND ($1::uuid IS NULL OR t.user_id = $1::uuid) AND ($2::date IS NULL OR t.meeting_date >= $2::date) AND ($3::date IS NULL OR t.meeting_date <= $3::date) AND ($4::text IS NULL OR t.summary ILIKE '%' || $4 || '%' OR t.raw_text ILIKE '%' || $4 || '%') AND ($5::text IS NULL OR TRUE) AND ($6::text IS NULL OR TRUE)",Đúng✅,,
2026年5月9日の電話で最も長い発言をしたのは誰ですか？,Ai là người có lời phát biểu dài nhất trong cuộc gọi điện thoại ngày 9 tháng 5 năm 2026?,"SELECT ct.speaker AS value, MAX(ct.time_end_sec - ct.time_start_sec) AS duration FROM chunks_turn ct JOIN transcripts t ON t.id = ct.transcript_id WHERE ($1::uuid IS NULL OR t.user_id = $1::uuid) AND ($2::date IS NULL OR t.meeting_date >= $2::date) AND ($3::date IS NULL OR t.meeting_date <= $3::date) AND ($4::text IS NULL OR t.summary ILIKE '%' || $4 || '%' OR t.raw_text ILIKE '%' || $4 || '%') GROUP BY ct.speaker ORDER BY duration DESC LIMIT 1","SKIP (operator=skip, target=none)",Đúng✅,,
2026年5月9日の電話で最も短い発言をしたのは誰ですか？,Ai là người đưa ra câu trả lời ngắn gọn nhất trong cuộc gọi điện thoại ngày 9 tháng 5 năm 2026?,"SELECT ct.speaker AS value, MIN(ct.time_end_sec - ct.time_start_sec) AS duration FROM chunks_turn ct JOIN transcripts t ON t.id = ct.transcript_id WHERE ($1::uuid IS NULL OR t.user_id = $1::uuid) AND ($2::date IS NULL OR t.meeting_date >= $2::date) AND ($3::date IS NULL OR t.meeting_date <= $3::date) AND ($4::text IS NULL OR t.summary ILIKE '%' || $4 || '%' OR t.raw_text ILIKE '%' || $4 || '%') GROUP BY ct.speaker ORDER BY duration ASC LIMIT 1","SKIP (operator=skip, target=none)",Đúng✅,,
2026年5月9日の電話で、アセットジャパンの伊藤様は何回発言しましたか？,Ông Ito từ Asset Japan đã nói bao nhiêu lần trong cuộc điện thoại ngày 9 tháng 5 năm 2026?,SELECT COUNT(*) AS value FROM chunks_turn ct JOIN transcripts t ON t.id = ct.transcript_id WHERE ($1::uuid IS NULL OR t.user_id = $1::uuid) AND ($2::date IS NULL OR t.meeting_date >= $2::date) AND ($3::date IS NULL OR t.meeting_date <= $3::date) AND ($4::text IS NULL OR t.summary ILIKE '%' || $4 || '%' OR t.raw_text ILIKE '%' || $4 || '%') AND ct.speaker = '伊藤様',SELECT COUNT(*)::float AS value FROM chunks_turn ct JOIN transcripts t ON ct.transcript_id = t.id WHERE (ct.speaker = $5::text OR ct.speaker = (SELECT speaker FROM chunks_turn ct2 JOIN transcripts t2 ON ct2.transcript_id = t2.id WHERE ct2.text ILIKE '%' || $5::text || '%' AND ($1::uuid IS NULL OR t2.user_id = $1::uuid) AND ($2::date IS NULL OR t2.meeting_date >= $2::date) AND ($3::date IS NULL OR t2.meeting_date <= $3::date) LIMIT 1)) AND ($1::uuid IS NULL OR t.user_id = $1::uuid) AND ($2::date IS NULL OR t.meeting_date >= $2::date) AND ($3::date IS NULL OR t.meeting_date <= $3::date) AND ($4::text IS NULL OR t.summary ILIKE '%' || $4 || '%' OR t.raw_text ILIKE '%' || $4 || '%') AND ($5::text IS NULL OR TRUE) AND ($6::text IS NULL OR TRUE),Đúng✅,,
2026年5月9日の電話で最も多く発言したのは誰ですか？,Ai là người nói nhiều nhất trong cuộc gọi điện thoại ngày 9 tháng 5 năm 2026?,"SELECT ct.speaker AS value, COUNT(*) AS turn_count FROM chunks_turn ct JOIN transcripts t ON t.id = ct.transcript_id WHERE ($1::uuid IS NULL OR t.user_id = $1::uuid) AND ($2::date IS NULL OR t.meeting_date >= $2::date) AND ($3::date IS NULL OR t.meeting_date <= $3::date) AND ($4::text IS NULL OR t.summary ILIKE '%' || $4 || '%' OR t.raw_text ILIKE '%' || $4 || '%') GROUP BY ct.speaker ORDER BY turn_count DESC LIMIT 1","SKIP (operator=skip, target=none)",Đúng✅,,
2026年5月9日の東浦町の物件に関する通話では何人が発言し、何について確認していましたか？,"Có bao nhiêu người tham gia cuộc gọi điện thoại về bất động sản tại thị trấn Higashiura vào ngày 9 tháng 5 năm 2026, và họ đang xác nhận điều gì?","SKIP (operator=skip, target=none)","SKIP (operator=skip, target=none)",Đúng✅,,
2026年5月9日に、アセットジャパンの伊藤様が山内様宛てに東浦町の物件について伝言を依頼した電話について教えてください。,"Xin hãy cho tôi biết về cuộc điện thoại mà ông Ito của Asset Japan đã gọi cho ông Yamauchi vào ngày 9 tháng 5 năm 2026, trong đó ông Ito nhờ ông Yamauchi chuyển lời nhắn về một bất động sản ở thị trấn Higashiura.","SKIP (operator=skip, target=none)","SKIP (operator=skip, target=none)",Đúng✅,,
2026年5月1日から5月11日までの期間における、アセットジャパンから山内様宛ての連絡や東浦町の物件に関する通話履歴をすべて見せてください。,"Vui lòng cho tôi xem tất cả các thông tin liên lạc từ Asset Japan đến ông Yamauchi trong khoảng thời gian từ ngày 1 tháng 5 đến ngày 11 tháng 5 năm 2026, cũng như tất cả các bản ghi cuộc gọi liên quan đến bất động sản tại thị trấn Higashiura.","SKIP (operator=skip, target=none)","SKIP (operator=skip, target=none)",Đúng✅,,
最近の通話で、アセットジャパンの伊藤様から山内様宛てに東浦町の物件に関する伝言や連絡はありましたか？,"Trong những cuộc điện thoại gần đây, ông Ito từ Asset Japan có để lại lời nhắn hay liên lạc gì với ông Yamauchi về bất động sản ở thị trấn Higashiura không?","SKIP (operator=skip, target=none)","SKIP (operator=skip, target=none)",Đúng✅,,
2026年5月9日の電話で、伊藤様が「東浦町の物件についてメールで問い合わせる」と山内様宛ての伝言を依頼したのは通話の何分頃ですか？,"Vào thời điểm nào trong cuộc gọi điện thoại ngày 9 tháng 5 năm 2026, ông Ito yêu cầu ông Yamauchi để lại lời nhắn rằng ông sẽ hỏi về bất động sản ở thị trấn Higashiura qua email?","SKIP (operator=skip, target=none)","SKIP (operator=skip, target=none)",Đúng✅,,
2026年5月9日の電話のように、担当者が他の打ち合わせ中で不在の場合に、取引先から伝言依頼を受けた際の社内ルールや対応ポリシーを教えてください。,"Vui lòng cho tôi biết các quy định và chính sách của công ty bạn về việc xử lý tin nhắn từ khách hàng khi người phụ trách vắng mặt do bận họp, như trường hợp cuộc gọi ngày 9 tháng 5 năm 2026.","SKIP (operator=skip, target=none)","SKIP (operator=skip, target=none)",Đúng✅,,
2026年5月9日の電話のように、打ち合わせ中で不在の社員宛てに取引先から物件に関する伝言依頼があった場合、その伝言の記録・本人への取り次ぎ・対応完了確認までの社内フローを教えてください。,"Hãy mô tả quy trình làm việc nội bộ khi khách hàng yêu cầu nhân viên gửi tin nhắn về bất động sản nhưng nhân viên đó đang vắng mặt tại văn phòng do tham dự cuộc họp, như trong cuộc gọi điện thoại ngày 9 tháng 5 năm 2026. Quy trình này bao gồm việc ghi âm tin nhắn, chuyển tiếp tin nhắn cho nhân viên và xác nhận rằng yêu cầu đã được hoàn thành.","SKIP (operator=skip, target=none)","SKIP (operator=skip, target=none)",Đúng✅,,
2026年5月9日の電話で山内様が所属していた「中央清算管理課」について、業務範囲の定義および他部門との連携基準を教えてください。,"Về ""Phòng Quản lý Khu dân cư Trung ương"" nơi ông Yamauchi làm việc, như đã đề cập trong cuộc điện thoại ngày 9 tháng 5 năm 2026, xin vui lòng giải thích rõ hơn về phạm vi công việc và tiêu chí hợp tác với các phòng ban khác của phòng này?","SKIP (operator=skip, target=none)","SKIP (operator=skip, target=none)",Đúng✅,,
2026年5月9日の電話に登場したアセットジャパンの伊藤様、山内様、および中央清算管理課の組織情報や連絡窓口について教えてください。,"Vui lòng cung cấp thông tin về tổ chức và thông tin liên hệ của ông Ito và ông Yamauchi từ Asset Japan, những người đã xuất hiện trên cuộc gọi điện thoại vào ngày 9 tháng 5 năm 2026, cũng như của Cục Quản lý Giải phóng mặt bằng Trung ương.","SKIP (operator=skip, target=none)","SKIP (operator=skip, target=none)",Đúng✅,,
2026年5月9日の電話のような、担当者不在時における取引先からの伝言受付・取り次ぎ・記録管理に関する規定は、業務運営規程のどこに記載されていますか？,"Trong quy chế hoạt động có điều khoản nào quy định về việc nhận, chuyển tiếp và quản lý tin nhắn từ khách hàng khi người phụ trách vắng mặt, chẳng hạn như cuộc gọi điện thoại ngày 9 tháng 5 năm 2026?","SKIP (operator=skip, target=none)","SKIP (operator=skip, target=none)",Đúng✅,,Đúng: 264/287